5fiqr8ma74n55dce4kct9f,E/E2/arf_00610_01166860348.wav,1

0om1fva4uhily4cvg6368lr,uli/C/C7/conchita2_89.wav,2
0om1fva4uhily4cvg6368lr,uli/E/E6/es-AR-ElenaNeural28.wav,3
0om1fva4uhily4cvg6368lr,uli/D/D9/priscilla_76.wav,3
0om1fva4uhily4cvg6368lr,uli/B/B1/audio70.wav,2
0om1fva4uhily4cvg6368lr,uli/A/A4/sabrina_loquendo_16.wav,2
0om1fva4uhily4cvg6368lr,uli/E/E1/arf_00295_01207660715.wav,5
0om1fva4uhily4cvg6368lr,uli/D/D8/arm_08784_00550180927.wav_GL.wav,4
0om1fva4uhily4cvg6368lr,uli/C/C1/penelope2_59.wav,3
0om1fva4uhily4cvg6368lr,uli/A/A5/tts_dev_thomas_69.wav,2
0om1fva4uhily4cvg6368lr,uli/B/B1/audio1.wav,2
0om1fva4uhily4cvg6368lr,uli/E/E4/arm_08784_00826337373.wav,5
0om1fva4uhily4cvg6368lr,uli/B/B7/audio188.wav,2
0om1fva4uhily4cvg6368lr,uli/C/C8/enrique_13.wav,3
0om1fva4uhily4cvg6368lr,uli/A/A7/193.wav,1
0om1fva4uhily4cvg6368lr,uli/D/D6/es-ES-AlvaroNeural77.wav,2
0om1fva4uhily4cvg6368lr,uli/A/A5/tts_dev_thomas_50.wav,1
0om1fva4uhily4cvg6368lr,uli/C/C3/pedro_45.wav,3
0om1fva4uhily4cvg6368lr,uli/D/D3/leticia_6.wav,3
0om1fva4uhily4cvg6368lr,uli/B/B7/audio152.wav,2
0om1fva4uhily4cvg6368lr,uli/E/E3/audio_97.wav,5
0om1fva4uhily4cvg6368lr,uli/B/B2/audio5.wav,3
0om1fva4uhily4cvg6368lr,uli/A/A4/sabrina_loquendo_60.wav,3
0om1fva4uhily4cvg6368lr,uli/C/C7/conchita2_69.wav,2
0om1fva4uhily4cvg6368lr,uli/D/D4/olimpiaAI_15.wav,4
0om1fva4uhily4cvg6368lr,uli/E/E1/arf_00295_00534479322.wav,5
0om1fva4uhily4cvg6368lr,uli/C/C2/fiona2.mp3,2
0om1fva4uhily4cvg6368lr,uli/A/A5/tts_dev_thomas_13.wav,1
0om1fva4uhily4cvg6368lr,uli/B/B1/audio3.wav,3
0om1fva4uhily4cvg6368lr,uli/D/D5/es-BO-MarceloNeural8.wav,3
0om1fva4uhily4cvg6368lr,uli/E/E7/es-AR-TomasNeural63.wav,3
0om1fva4uhily4cvg6368lr,uli/C/C7/conchita2_56.wav,3
0om1fva4uhily4cvg6368lr,uli/D/D7/es-ES-ElviraNeural65.wav,2
0om1fva4uhily4cvg6368lr,uli/E/E9/arm_09697_00024656527.wav,5
0om1fva4uhily4cvg6368lr,uli/A/A2/74.wav,2
0om1fva4uhily4cvg6368lr,uli/B/B1/audio170.wav,4
0om1fva4uhily4cvg6368lr,uli/D/D3/leticia_88.wav,2
0om1fva4uhily4cvg6368lr,uli/E/E6/es-AR-ElenaNeural35.wav,4
0om1fva4uhily4cvg6368lr,uli/C/C7/conchita_46.wav,3
0om1fva4uhily4cvg6368lr,uli/B/B3/enrique2_82.wav_GL.wav,2
0om1fva4uhily4cvg6368lr,uli/A/A3/audio176.wav,1
0om1fva4uhily4cvg6368lr,uli/A/A1/3.wav,1
0om1fva4uhily4cvg6368lr,uli/E/E10/es-MX-JorgeNeural94.wav,3
0om1fva4uhily4cvg6368lr,uli/C/C1/penelope_33.wav,3
0om1fva4uhily4cvg6368lr,uli/B/B10/VTLP_es-AR-TomasNeural11.wav.wav,1
0om1fva4uhily4cvg6368lr,uli/D/D9/priscilla_60.wav,3
ymxfxn696we9rp1tnnub3f,uli/B/B3/enrique2_84.wav_GL.wav,1
ymxfxn696we9rp1tnnub3f,uli/D/D5/es-BO-MarceloNeural83.wav,3
ymxfxn696we9rp1tnnub3f,uli/A/A5/tts_dev_thomas_65.wav,1
ymxfxn696we9rp1tnnub3f,uli/E/E6/es-AR-ElenaNeural91.wav,5
ymxfxn696we9rp1tnnub3f,uli/C/C10/mia2_94.wav,3
ymxfxn696we9rp1tnnub3f,uli/B/B4/7.wav,2
ymxfxn696we9rp1tnnub3f,uli/E/E8/es-BO-SofiaNeural59.wav,4
ymxfxn696we9rp1tnnub3f,uli/D/D1/f1col_6.wav,1
ymxfxn696we9rp1tnnub3f,uli/A/A5/tts_dev_thomas_4.wav,2
ymxfxn696we9rp1tnnub3f,uli/C/C5/albano_4.wav,3
ymxfxn696we9rp1tnnub3f,uli/E/E4/arm_08784_01865158221.wav,5
ymxfxn696we9rp1tnnub3f,uli/B/B3/enrique2_74.wav_GL.wav,2
ymxfxn696we9rp1tnnub3f,uli/D/D7/es-ES-ElviraNeural44.wav,3
ymxfxn696we9rp1tnnub3f,uli/A/A7/102.wav,1
ymxfxn696we9rp1tnnub3f,uli/C/C4/fiore_85.wav,3
ymxfxn696we9rp1tnnub3f,uli/E/E5/arm_00610_01683821098.wav,5
ymxfxn696we9rp1tnnub3f,uli/B/B8/VTLP_es-BO-MarceloNeural10.wav.wav,1
ymxfxn696we9rp1tnnub3f,uli/C/C5/albano_46.wav,2
ymxfxn696we9rp1tnnub3f,uli/D/D3/leticia_26.wav,3
ymxfxn696we9rp1tnnub3f,uli/A/A3/audio53.wav,2
ymxfxn696we9rp1tnnub3f,uli/E/E6/es-AR-ElenaNeural62.wav,2
ymxfxn696we9rp1tnnub3f,uli/B/B1/audio72.wav,3
ymxfxn696we9rp1tnnub3f,uli/A/A3/audio96.wav,1
ymxfxn696we9rp1tnnub3f,uli/D/D10/lalita_77.wav,2
ymxfxn696we9rp1tnnub3f,uli/C/C10/mia2_53.wav,4
ymxfxn696we9rp1tnnub3f,uli/D/D5/es-BO-MarceloNeural95.wav,2
ymxfxn696we9rp1tnnub3f,uli/B/B8/VTLP_es-BO-MarceloNeural57.wav.wav,1
ymxfxn696we9rp1tnnub3f,uli/E/E2/arf_00610_00913913795.wav,5
ymxfxn696we9rp1tnnub3f,uli/A/A3/audio184.wav,1
ymxfxn696we9rp1tnnub3f,uli/C/C6/olimpia_13.wav,4
ymxfxn696we9rp1tnnub3f,uli/E/E3/audio_54.wav,5
ymxfxn696we9rp1tnnub3f,uli/C/C10/mia_29.wav,2
ymxfxn696we9rp1tnnub3f,uli/B/B1/audio122.wav,3
ymxfxn696we9rp1tnnub3f,uli/D/D6/es-ES-AlvaroNeural31.wav,3
ymxfxn696we9rp1tnnub3f,uli/A/A1/6.wav,1
ymxfxn696we9rp1tnnub3f,uli/C/C9/lupe_6.wav,3
ymxfxn696we9rp1tnnub3f,uli/A/A5/tts_dev_thomas_73.wav,2
ymxfxn696we9rp1tnnub3f,uli/E/E2/arf_00610_00546762557.wav,5
ymxfxn696we9rp1tnnub3f,uli/B/B1/audio46.wav,2
ymxfxn696we9rp1tnnub3f,uli/D/D5/es-BO-MarceloNeural70.wav,3
ymxfxn696we9rp1tnnub3f,uli/E/E4/arm_08784_01659910757.wav,5
ymxfxn696we9rp1tnnub3f,uli/C/C2/fiona2_68.wav,4
ymxfxn696we9rp1tnnub3f,uli/D/D6/es-ES-AlvaroNeural55.wav,3
ymxfxn696we9rp1tnnub3f,uli/B/B8/VTLP_es-BO-MarceloNeural25.wav.wav,1
ymxfxn696we9rp1tnnub3f,uli/A/A6/96.wav,3
ymxfxn696we9rp1tnnub3f,uli/A/A8/9.wav,3
ymxfxn696we9rp1tnnub3f,uli/B/B9/VTLP_es-ES-ElviraNeural54.wav.wav,1
ymxfxn696we9rp1tnnub3f,uli/C/C1/penelope2_56.wav,3
ymxfxn696we9rp1tnnub3f,uli/E/E9/arm_09697_00250376947.wav,5
ymxfxn696we9rp1tnnub3f,uli/D/D7/es-ES-ElviraNeural97.wav,2
9fig36z1cml41m265ckifw,uli/C/C9/lupe_32.wav,2
9fig36z1cml41m265ckifw,uli/D/D10/lalita_28.wav,3
9fig36z1cml41m265ckifw,uli/A/A5/tts_dev_thomas_64.wav,1
9fig36z1cml41m265ckifw,uli/E/E3/audio_109.wav,5
9fig36z1cml41m265ckifw,uli/B/B2/audio157.wav,3
9fig36z1cml41m265ckifw,uli/A/A3/audio114.wav,1
9fig36z1cml41m265ckifw,uli/E/E3/audio_26.wav,5
9fig36z1cml41m265ckifw,uli/B/B2/audio167.wav,3
9fig36z1cml41m265ckifw,uli/D/D3/leticia_22.wav,3
9fig36z1cml41m265ckifw,uli/C/C1/penelope2_87.wav,3
9fig36z1cml41m265ckifw,uli/D/D3/leticia_29.wav,4
9fig36z1cml41m265ckifw,uli/E/E5/arm_00610_01842803213.wav,5
9fig36z1cml41m265ckifw,uli/A/A4/sabrina_loquendo_56.wav,1
9fig36z1cml41m265ckifw,uli/B/B7/audio94.wav,3
9fig36z1cml41m265ckifw,uli/C/C2/fiona2_77.wav,3
9fig36z1cml41m265ckifw,uli/B/B7/audio73.wav,3
9fig36z1cml41m265ckifw,uli/A/A4/sabrina_loquendo_89.wav,2
9fig36z1cml41m265ckifw,uli/C/C3/pedro_5.wav,4
9fig36z1cml41m265ckifw,uli/D/D6/es-ES-AlvaroNeural90.wav,2
9fig36z1cml41m265ckifw,uli/E/E1/arf_00295_01265142306.wav,5
9fig36z1cml41m265ckifw,uli/E/E8/es-BO-SofiaNeural29.wav,3
9fig36z1cml41m265ckifw,uli/D/D3/leticia_15.wav,3
9fig36z1cml41m265ckifw,uli/A/A4/sabrina_loquendo_96.wav,2
9fig36z1cml41m265ckifw,uli/B/B1/audio138.wav,4
9fig36z1cml41m265ckifw,uli/C/C9/lupe_3.wav,2
9fig36z1cml41m265ckifw,uli/A/A6/138.wav,3
9fig36z1cml41m265ckifw,uli/D/D9/priscilla_37.wav,3
9fig36z1cml41m265ckifw,uli/B/B10/VTLP_es-AR-ElenaNeural18.wav.wav,1
9fig36z1cml41m265ckifw,uli/E/E5/arm_00610_00853149767.wav,5
9fig36z1cml41m265ckifw,uli/C/C8/enrique2_84.wav,2
9fig36z1cml41m265ckifw,uli/B/B1/audio54.wav,2
9fig36z1cml41m265ckifw,uli/D/D9/priscilla_85.wav,2
9fig36z1cml41m265ckifw,uli/E/E4/arm_08784_01759753985.wav,5
9fig36z1cml41m265ckifw,uli/A/A3/audio98.wav,1
9fig36z1cml41m265ckifw,uli/C/C6/olimpia_43.wav,2
9fig36z1cml41m265ckifw,uli/A/A2/101.wav,1
9fig36z1cml41m265ckifw,uli/B/B8/VTLP_es-BO-MarceloNeural21.wav.wav,2
9fig36z1cml41m265ckifw,uli/C/C9/lupe_31.wav,1
9fig36z1cml41m265ckifw,uli/D/D10/lalita_14.wav,2
9fig36z1cml41m265ckifw,uli/E/E5/arm_00610_01974159037.wav,5
9fig36z1cml41m265ckifw,uli/C/C9/lupe2_68.wav,2
9fig36z1cml41m265ckifw,uli/E/E2/arf_00610_00621699750.wav,5
9fig36z1cml41m265ckifw,uli/A/A4/sabrina_loquendo_91.wav,2
9fig36z1cml41m265ckifw,uli/D/D8/arm_08784_01474176576.wav_GL.wav,4
9fig36z1cml41m265ckifw,uli/B/B2/audio96.wav,4
vj735xlt2yj805wyn5rimq,uli/D/D8/arm_08784_01044724774.wav_GL.wav,3
vj735xlt2yj805wyn5rimq,uli/A/A6/194.wav,4
vj735xlt2yj805wyn5rimq,uli/B/B8/VTLP_es-BO-MarceloNeural65.wav.wav,1
vj735xlt2yj805wyn5rimq,uli/C/C3/pedro_34.wav,2
vj735xlt2yj805wyn5rimq,uli/E/E9/arm_09697_01677141488.wav,4
vj735xlt2yj805wyn5rimq,uli/D/D9/priscilla_47.wav,1
vj735xlt2yj805wyn5rimq,uli/A/A6/171.wav,2
vj735xlt2yj805wyn5rimq,uli/E/E3/audio_177.wav,1
vj735xlt2yj805wyn5rimq,uli/C/C2/fiona_49.wav,2
vj735xlt2yj805wyn5rimq,uli/B/B8/VTLP_es-BO-MarceloNeural46.wav.wav,1
vj735xlt2yj805wyn5rimq,uli/C/C8/enrique2_51.wav,2
vj735xlt2yj805wyn5rimq,uli/D/D6/es-ES-AlvaroNeural44.wav,3
vj735xlt2yj805wyn5rimq,uli/B/B1/audio86.wav,2
vj735xlt2yj805wyn5rimq,uli/E/E2/arf_00610_00912390302.wav,4
vj735xlt2yj805wyn5rimq,uli/A/A1/67.wav,2
vj735xlt2yj805wyn5rimq,uli/B/B2/audio93.wav,1
vj735xlt2yj805wyn5rimq,uli/D/D6/es-ES-AlvaroNeural65.wav,4
vj735xlt2yj805wyn5rimq,uli/C/C10/mia2_95.wav,1
vj735xlt2yj805wyn5rimq,,
vj735xlt2yj805wyn5rimq,uli/E/E10/es-MX-JorgeNeural33.wav,1
vj735xlt2yj805wyn5rimq,uli/E/E3/audio_147.wav,1
vj735xlt2yj805wyn5rimq,uli/C/C7/conchita2_65.wav,1
vj735xlt2yj805wyn5rimq,uli/B/B7/audio162.wav,2
vj735xlt2yj805wyn5rimq,uli/A/A4/sabrina_loquendo_12.wav,3
vj735xlt2yj805wyn5rimq,uli/D/D7/es-ES-ElviraNeural92.wav,1
vj735xlt2yj805wyn5rimq,uli/D/D3/leticia_7.wav,2
vj735xlt2yj805wyn5rimq,uli/C/C3/pedro_49.wav,2
vj735xlt2yj805wyn5rimq,,
vj735xlt2yj805wyn5rimq,uli/B/B3/enrique_46.wav_GL.wav,1
vj735xlt2yj805wyn5rimq,uli/E/E6/es-AR-ElenaNeural88.wav,4
vj735xlt2yj805wyn5rimq,uli/A/A1/55.wav,2
vj735xlt2yj805wyn5rimq,uli/B/B7/audio78.wav,2
vj735xlt2yj805wyn5rimq,uli/E/E3/audio_276.wav,1
vj735xlt2yj805wyn5rimq,uli/D/D6/es-ES-AlvaroNeural40.wav,3
vj735xlt2yj805wyn5rimq,uli/C/C9/lupe2_76.wav,1
vj735xlt2yj805wyn5rimq,uli/B/B7/audio51.wav,2
vj735xlt2yj805wyn5rimq,uli/D/D4/Olimpia9-07.wav,2
vj735xlt2yj805wyn5rimq,,
vj735xlt2yj805wyn5rimq,uli/E/E2/arf_00610_01772510223.wav,4
vj735xlt2yj805wyn5rimq,uli/C/C4/fiore_1.wav,1
vj735xlt2yj805wyn5rimq,uli/B/B2/audio181.wav,1
vj735xlt2yj805wyn5rimq,uli/D/D8/arm_08784_01513714309.wav_GL.wav,3
vj735xlt2yj805wyn5rimq,uli/A/A10/9.wav,1
vj735xlt2yj805wyn5rimq,uli/E/E10/es-MX-JorgeNeural88.wav,2
vj735xlt2yj805wyn5rimq,uli/C/C9/lupe2_75.wav,1
vj735xlt2yj805wyn5rimq,uli/A/A3/audio0.wav,2
vj735xlt2yj805wyn5rimq,uli/D/D3/Leticia9-12.wav,1
vj735xlt2yj805wyn5rimq,uli/C/C8/enrique_29.wav,1
vj735xlt2yj805wyn5rimq,uli/B/B7/audio37.wav,2
vj735xlt2yj805wyn5rimq,uli/E/E1/arf_00295_01449532457.wav,1
yteg94bzq131bqsl7uyqo,uli/B/B8/VTLP_es-BO-MarceloNeural17.wav.wav,1
yteg94bzq131bqsl7uyqo,uli/C/C4/fiore_45.wav,1
yteg94bzq131bqsl7uyqo,uli/A/A5/tts_dev_thomas_96.wav,1
yteg94bzq131bqsl7uyqo,uli/E/E7/es-AR-TomasNeural44.wav,2
yteg94bzq131bqsl7uyqo,uli/D/D3/leticia_32.wav,4
yteg94bzq131bqsl7uyqo,uli/E/E3/audio_138.wav,5
yteg94bzq131bqsl7uyqo,uli/A/A6/108.wav,2
yteg94bzq131bqsl7uyqo,uli/B/B7/audio61.wav,2
yteg94bzq131bqsl7uyqo,uli/D/D8/arm_08784_00143951174.wav_GL.wav,4
yteg94bzq131bqsl7uyqo,uli/C/C8/enrique2_70.wav,1
yteg94bzq131bqsl7uyqo,uli/E/E3/audio_195.wav,5
yteg94bzq131bqsl7uyqo,uli/D/D4/olimpiaAI_9.wav,2
yteg94bzq131bqsl7uyqo,uli/A/A4/sabrina_loquendo_40.wav,1
yteg94bzq131bqsl7uyqo,uli/C/C10/mia2_60.wav,3
yteg94bzq131bqsl7uyqo,uli/B/B7/audio28.wav,4
yteg94bzq131bqsl7uyqo,uli/B/B1/audio34.wav,3
yteg94bzq131bqsl7uyqo,uli/D/D1/f1pr_8.wav,2
yteg94bzq131bqsl7uyqo,uli/C/C3/pedro2_55.wav,3
yteg94bzq131bqsl7uyqo,uli/A/A3/audio162.wav,4
yteg94bzq131bqsl7uyqo,uli/E/E3/audio_258.wav,5
yteg94bzq131bqsl7uyqo,uli/A/A4/sabrina_loquendo_9.wav,1
yteg94bzq131bqsl7uyqo,uli/B/B9/VTLP_es-ES-ElviraNeural82.wav.wav,2
yteg94bzq131bqsl7uyqo,uli/D/D1/f1ven_8.wav,2
yteg94bzq131bqsl7uyqo,uli/E/E10/es-MX-JorgeNeural87.wav,3
yteg94bzq131bqsl7uyqo,uli/C/C8/enrique2_66.wav,1
yteg94bzq131bqsl7uyqo,uli/E/E2/arf_00610_00670555472.wav,5
yteg94bzq131bqsl7uyqo,uli/D/D9/priscilla_68.wav,2
yteg94bzq131bqsl7uyqo,uli/A/A4/sabrina_loquendo_5.wav,1
yteg94bzq131bqsl7uyqo,uli/C/C6/olimpia_63.wav,2
yteg94bzq131bqsl7uyqo,uli/B/B2/audio39.wav,2
yteg94bzq131bqsl7uyqo,uli/B/B8/VTLP_es-BO-MarceloNeural97.wav.wav,3
yteg94bzq131bqsl7uyqo,uli/C/C6/olimpia_20.wav,2
yteg94bzq131bqsl7uyqo,uli/D/D6/es-ES-AlvaroNeural28.wav,3
yteg94bzq131bqsl7uyqo,uli/E/E9/arm_09697_00208692130.wav,5
yteg94bzq131bqsl7uyqo,uli/A/A5/tts_dev_thomas_35.wav,1
yteg94bzq131bqsl7uyqo,uli/A/A3/audio10.wav,2
yteg94bzq131bqsl7uyqo,uli/C/C2/fiona_47.wav,3
yteg94bzq131bqsl7uyqo,uli/E/E3/audio_172.wav,5
yteg94bzq131bqsl7uyqo,uli/D/D4/Olimpia9-11.wav,2
yteg94bzq131bqsl7uyqo,uli/B/B1/audio118.wav,1
yteg94bzq131bqsl7uyqo,uli/A/A7/120.wav,3
yteg94bzq131bqsl7uyqo,uli/D/D8/arm_08784_01845380649.wav_GL.wav,5
yteg94bzq131bqsl7uyqo,uli/C/C9/lupe2_90.wav,3
yteg94bzq131bqsl7uyqo,uli/E/E9/arm_09697_00054043655.wav,5
yteg94bzq131bqsl7uyqo,uli/B/B9/VTLP_es-ES-ElviraNeural75.wav.wav,1
yteg94bzq131bqsl7uyqo,uli/A/A1/91.wav,2
yteg94bzq131bqsl7uyqo,uli/E/E10/es-MX-JorgeNeural42.wav,3
yteg94bzq131bqsl7uyqo,uli/B/B2/audio30.wav,2
yteg94bzq131bqsl7uyqo,uli/D/D10/lalita_86.wav,1
yteg94bzq131bqsl7uyqo,uli/C/C6/olimpia_80.wav,1
fn5aaw2w41wmd3pb8i0fus,uli/B/B9/VTLP_es-ES-ElviraNeural45.wav.wav,1
fn5aaw2w41wmd3pb8i0fus,uli/E/E5/arm_00610_00135590686.wav,5
fn5aaw2w41wmd3pb8i0fus,uli/A/A10/3.wav,2
fn5aaw2w41wmd3pb8i0fus,uli/D/D6/es-ES-AlvaroNeural93.wav,3
fn5aaw2w41wmd3pb8i0fus,uli/C/C8/enrique2_93.wav,4
fn5aaw2w41wmd3pb8i0fus,uli/A/A1/47.wav,2
fn5aaw2w41wmd3pb8i0fus,uli/C/C3/pedro2_82.wav,4
fn5aaw2w41wmd3pb8i0fus,uli/E/E1/arf_00295_00873542018.wav,4
fn5aaw2w41wmd3pb8i0fus,uli/B/B1/audio153.wav,3
fn5aaw2w41wmd3pb8i0fus,uli/D/D4/olimpiaAI_16.wav,1
fn5aaw2w41wmd3pb8i0fus,uli/B/B2/audio176.wav,2
fn5aaw2w41wmd3pb8i0fus,uli/C/C10/mia_30.wav,2
fn5aaw2w41wmd3pb8i0fus,uli/D/D7/es-ES-ElviraNeural18.wav,1
fn5aaw2w41wmd3pb8i0fus,uli/A/A6/110.wav,4
fn5aaw2w41wmd3pb8i0fus,uli/E/E9/arm_09697_00368214522.wav,5
fn5aaw2w41wmd3pb8i0fus,uli/E/E5/arm_00610_01582550382.wav,5
fn5aaw2w41wmd3pb8i0fus,uli/D/D3/leticia_64.wav,2
fn5aaw2w41wmd3pb8i0fus,uli/A/A6/141.wav,4
fn5aaw2w41wmd3pb8i0fus,uli/C/C6/olimpia_38.wav,1
fn5aaw2w41wmd3pb8i0fus,uli/B/B2/audio101.wav,4
fn5aaw2w41wmd3pb8i0fus,uli/E/E3/audio_293.wav,3
fn5aaw2w41wmd3pb8i0fus,uli/D/D1/f1col_1.wav,3
fn5aaw2w41wmd3pb8i0fus,uli/B/B7/audio12.wav,4
fn5aaw2w41wmd3pb8i0fus,uli/C/C2/fiona2_91.wav,3
fn5aaw2w41wmd3pb8i0fus,uli/A/A5/tts_dev_thomas_36.wav,1
fn5aaw2w41wmd3pb8i0fus,uli/E/E2/arf_00610_00682913941.wav,5
fn5aaw2w41wmd3pb8i0fus,uli/A/A3/audio166.wav,1
fn5aaw2w41wmd3pb8i0fus,uli/C/C9/lupe_38.wav,1
fn5aaw2w41wmd3pb8i0fus,uli/D/D2/m1ven_1.wav,3
fn5aaw2w41wmd3pb8i0fus,uli/B/B9/VTLP_es-ES-ElviraNeural94.wav.wav,1
fn5aaw2w41wmd3pb8i0fus,uli/D/D8/arm_08784_00135604063.wav_GL.wav,3
fn5aaw2w41wmd3pb8i0fus,uli/E/E3/audio_197.wav,4
fn5aaw2w41wmd3pb8i0fus,uli/B/B3/enrique_4.wav_GL.wav,2
fn5aaw2w41wmd3pb8i0fus,uli/A/A1/76.wav,2
fn5aaw2w41wmd3pb8i0fus,uli/C/C9/lupe2_89.wav,1
fn5aaw2w41wmd3pb8i0fus,uli/B/B2/audio73.wav,4
fn5aaw2w41wmd3pb8i0fus,uli/A/A9/5.wav,2
fn5aaw2w41wmd3pb8i0fus,uli/D/D6/es-ES-AlvaroNeural57.wav,3
fn5aaw2w41wmd3pb8i0fus,uli/C/C3/pedro2_72.wav,5
fn5aaw2w41wmd3pb8i0fus,uli/E/E5/arm_00610_00757881212.wav,5
fn5aaw2w41wmd3pb8i0fus,uli/A/A3/audio108.wav,2
fn5aaw2w41wmd3pb8i0fus,uli/D/D9/priscilla_19.wav,1
fn5aaw2w41wmd3pb8i0fus,uli/B/B1/audio154.wav,3
fn5aaw2w41wmd3pb8i0fus,uli/E/E6/es-AR-ElenaNeural11.wav,4
fn5aaw2w41wmd3pb8i0fus,uli/C/C8/enrique2_96.wav,3
38vs1n02f4iaxehu9v4n1p,uli/B/B2/audio150.wav,3
38vs1n02f4iaxehu9v4n1p,uli/C/C5/albano_68.wav,4
38vs1n02f4iaxehu9v4n1p,uli/A/A2/67.wav,3
38vs1n02f4iaxehu9v4n1p,uli/D/D9/priscilla_23.wav,4
38vs1n02f4iaxehu9v4n1p,uli/E/E9/arm_09697_01240723340.wav,5
38vs1n02f4iaxehu9v4n1p,uli/A/A6/118.wav,4
38vs1n02f4iaxehu9v4n1p,uli/D/D6/es-ES-AlvaroNeural22.wav,2
38vs1n02f4iaxehu9v4n1p,uli/E/E10/es-MX-JorgeNeural4.wav,2
38vs1n02f4iaxehu9v4n1p,uli/C/C3/pedro_9.wav,4
38vs1n02f4iaxehu9v4n1p,uli/B/B9/VTLP_es-ES-ElviraNeural35.wav.wav,1
38vs1n02f4iaxehu9v4n1p,uli/B/B7/audio9.wav,4
38vs1n02f4iaxehu9v4n1p,uli/A/A6/121.wav,4
38vs1n02f4iaxehu9v4n1p,uli/C/C4/fiore_7.wav,2
38vs1n02f4iaxehu9v4n1p,uli/D/D4/olimpiaAI_61.wav,2
38vs1n02f4iaxehu9v4n1p,uli/E/E8/es-BO-SofiaNeural24.wav,3
38vs1n02f4iaxehu9v4n1p,uli/C/C5/albano_76.wav,3
38vs1n02f4iaxehu9v4n1p,uli/E/E1/arf_00295_00324394523.wav,5
38vs1n02f4iaxehu9v4n1p,uli/B/B7/audio67.wav,4
38vs1n02f4iaxehu9v4n1p,uli/A/A4/sabrina_loquendo_70.wav,2
38vs1n02f4iaxehu9v4n1p,uli/D/D10/lalita_83.wav,3
38vs1n02f4iaxehu9v4n1p,uli/A/A1/11.wav,3
38vs1n02f4iaxehu9v4n1p,uli/B/B3/enrique_5.wav_GL.wav,2
38vs1n02f4iaxehu9v4n1p,uli/D/D6/es-ES-AlvaroNeural86.wav,5
38vs1n02f4iaxehu9v4n1p,uli/E/E6/es-AR-ElenaNeural90.wav,5
38vs1n02f4iaxehu9v4n1p,uli/C/C5/albano_39.wav,5
38vs1n02f4iaxehu9v4n1p,uli/A/A7/173.wav,4
38vs1n02f4iaxehu9v4n1p,uli/D/D10/lalita_15.wav,3
38vs1n02f4iaxehu9v4n1p,uli/B/B1/audio52.wav,2
38vs1n02f4iaxehu9v4n1p,uli/C/C6/olimpia_21.wav,2
38vs1n02f4iaxehu9v4n1p,uli/E/E4/arm_08784_01597502323.wav,5
38vs1n02f4iaxehu9v4n1p,uli/C/C5/albano_21.wav,1
38vs1n02f4iaxehu9v4n1p,uli/A/A4/sabrina_loquendo_88.wav,1
38vs1n02f4iaxehu9v4n1p,uli/D/D9/priscilla_41.wav,4
38vs1n02f4iaxehu9v4n1p,uli/B/B1/audio92.wav,2
38vs1n02f4iaxehu9v4n1p,uli/E/E6/es-AR-ElenaNeural94.wav,4
38vs1n02f4iaxehu9v4n1p,uli/A/A6/129.wav,5
38vs1n02f4iaxehu9v4n1p,uli/C/C10/mia_10.wav,2
38vs1n02f4iaxehu9v4n1p,uli/E/E4/arm_08784_00143951174.wav,5
38vs1n02f4iaxehu9v4n1p,uli/D/D6/es-ES-AlvaroNeural64.wav,3
38vs1n02f4iaxehu9v4n1p,uli/B/B7/audio147.wav,3
38vs1n02f4iaxehu9v4n1p,uli/E/E1/arf_00295_02096140946.wav,5
38vs1n02f4iaxehu9v4n1p,uli/D/D6/es-ES-AlvaroNeural36.wav,3
38vs1n02f4iaxehu9v4n1p,uli/C/C3/pedro_48.wav,3
38vs1n02f4iaxehu9v4n1p,uli/A/A1/40.wav,4
38vs1n02f4iaxehu9v4n1p,uli/B/B7/audio184.wav,2
t6ybrbbo92bx87dy9vpy,uli/B/B8/VTLP_es-BO-MarceloNeural24.wav.wav,1
t6ybrbbo92bx87dy9vpy,uli/A/A1/54.wav,3
t6ybrbbo92bx87dy9vpy,uli/C/C4/fiore_22.wav,2
t6ybrbbo92bx87dy9vpy,uli/E/E2/arf_00610_01095857715.wav,5
t6ybrbbo92bx87dy9vpy,uli/D/D3/leticia_4.wav,2
t6ybrbbo92bx87dy9vpy,uli/D/D8/arm_08784_01704759337.wav_GL.wav,2
t6ybrbbo92bx87dy9vpy,uli/E/E7/es-AR-TomasNeural40.wav,2
t6ybrbbo92bx87dy9vpy,uli/B/B1/audio65.wav,3
t6ybrbbo92bx87dy9vpy,uli/A/A3/audio8.wav,1
t6ybrbbo92bx87dy9vpy,uli/C/C1/penelope2_83.wav,4
t6ybrbbo92bx87dy9vpy,uli/D/D7/es-ES-ElviraNeural13.wav,2
t6ybrbbo92bx87dy9vpy,uli/E/E6/es-AR-ElenaNeural21.wav,4
t6ybrbbo92bx87dy9vpy,uli/A/A3/audio183.wav,1
t6ybrbbo92bx87dy9vpy,uli/C/C7/conchita_29.wav,2
t6ybrbbo92bx87dy9vpy,uli/B/B2/audio1.wav,2
t6ybrbbo92bx87dy9vpy,uli/D/D4/olimpiaAI_40.wav,3
t6ybrbbo92bx87dy9vpy,uli/A/A2/43.wav,2
t6ybrbbo92bx87dy9vpy,uli/E/E10/es-MX-JorgeNeural27.wav,2
t6ybrbbo92bx87dy9vpy,uli/C/C8/enrique2_85.wav,2
t6ybrbbo92bx87dy9vpy,uli/B/B3/enrique_33.wav_GL.wav,1
t6ybrbbo92bx87dy9vpy,uli/D/D2/m1col_1.wav,2
t6ybrbbo92bx87dy9vpy,uli/A/A2/107.wav,4
t6ybrbbo92bx87dy9vpy,uli/E/E3/audio_176.wav,3
t6ybrbbo92bx87dy9vpy,uli/C/C10/mia2_97.wav,2
t6ybrbbo92bx87dy9vpy,uli/B/B1/audio94.wav,3
t6ybrbbo92bx87dy9vpy,uli/A/A3/audio198.wav,1
t6ybrbbo92bx87dy9vpy,uli/B/B1/audio68.wav,3
t6ybrbbo92bx87dy9vpy,uli/E/E5/arm_00610_01100147988.wav,5
t6ybrbbo92bx87dy9vpy,uli/D/D5/es-BO-MarceloNeural30.wav,2
t6ybrbbo92bx87dy9vpy,uli/C/C3/pedro2_93.wav,2
t6ybrbbo92bx87dy9vpy,uli/B/B3/enrique2_99.wav_GL.wav,1
t6ybrbbo92bx87dy9vpy,uli/E/E10/es-MX-JorgeNeural13.wav,2
t6ybrbbo92bx87dy9vpy,uli/A/A5/tts_dev_thomas_41.wav,1
t6ybrbbo92bx87dy9vpy,uli/D/D7/es-ES-ElviraNeural79.wav,2
t6ybrbbo92bx87dy9vpy,uli/C/C10/mia2_82.wav,3
t6ybrbbo92bx87dy9vpy,uli/C/C6/olimpia_48.wav,2
t6ybrbbo92bx87dy9vpy,uli/B/B7/audio171.wav,3
t6ybrbbo92bx87dy9vpy,uli/E/E4/arm_08784_00648369718.wav,5
t6ybrbbo92bx87dy9vpy,uli/A/A5/tts_dev_thomas_53.wav,1
t6ybrbbo92bx87dy9vpy,uli/D/D5/es-BO-MarceloNeural62.wav,2
t6ybrbbo92bx87dy9vpy,uli/C/C3/pedro_35.wav,2
t6ybrbbo92bx87dy9vpy,uli/E/E7/es-AR-TomasNeural86.wav,3
t6ybrbbo92bx87dy9vpy,uli/A/A6/192.wav,1
t6ybrbbo92bx87dy9vpy,uli/B/B7/audio2.wav,2
t6ybrbbo92bx87dy9vpy,uli/D/D5/es-BO-MarceloNeural38.wav,2
bkaa9b0qt4ogrmp1inpjol,uli/A/A7/122.wav,2
bkaa9b0qt4ogrmp1inpjol,uli/D/D8/arm_08784_01865158221.wav_GL.wav,5
bkaa9b0qt4ogrmp1inpjol,uli/E/E2/arf_00610_00333943217.wav,5
bkaa9b0qt4ogrmp1inpjol,uli/B/B8/VTLP_es-BO-MarceloNeural13.wav.wav,1
bkaa9b0qt4ogrmp1inpjol,uli/C/C2/fiona_29.wav,2
bkaa9b0qt4ogrmp1inpjol,uli/A/A4/sabrina_loquendo_7.wav,1
bkaa9b0qt4ogrmp1inpjol,uli/C/C1/penelope_37.wav,2
bkaa9b0qt4ogrmp1inpjol,uli/B/B1/audio146.wav,2
bkaa9b0qt4ogrmp1inpjol,uli/D/D8/arm_08784_00974401258.wav_GL.wav,5
bkaa9b0qt4ogrmp1inpjol,uli/E/E3/audio_21.wav,4
bkaa9b0qt4ogrmp1inpjol,uli/D/D8/arm_08784_01611251666.wav_GL.wav,5
bkaa9b0qt4ogrmp1inpjol,uli/C/C10/mia2_63.wav,1
bkaa9b0qt4ogrmp1inpjol,uli/A/A5/tts_dev_thomas_94.wav,1
bkaa9b0qt4ogrmp1inpjol,uli/B/B1/audio184.wav,2
bkaa9b0qt4ogrmp1inpjol,uli/E/E6/es-AR-ElenaNeural96.wav,4
bkaa9b0qt4ogrmp1inpjol,uli/D/D9/priscilla_82.wav,1
bkaa9b0qt4ogrmp1inpjol,uli/A/A1/33.wav,3
bkaa9b0qt4ogrmp1inpjol,uli/B/B8/VTLP_es-BO-MarceloNeural92.wav.wav,1
bkaa9b0qt4ogrmp1inpjol,uli/E/E3/audio_202.wav,4
bkaa9b0qt4ogrmp1inpjol,uli/C/C3/pedro_19.wav,2
bkaa9b0qt4ogrmp1inpjol,uli/A/A7/89.wav,4
bkaa9b0qt4ogrmp1inpjol,uli/C/C5/albano_38.wav,2
bkaa9b0qt4ogrmp1inpjol,uli/E/E3/audio_159.wav,4
bkaa9b0qt4ogrmp1inpjol,uli/D/D2/m1per_3.wav,3
bkaa9b0qt4ogrmp1inpjol,uli/B/B3/enrique2_89.wav_GL.wav,4
bkaa9b0qt4ogrmp1inpjol,uli/E/E5/arm_00610_01543219847.wav,5
bkaa9b0qt4ogrmp1inpjol,uli/C/C9/lupe2_67.wav,1
bkaa9b0qt4ogrmp1inpjol,uli/A/A3/audio109.wav,3
bkaa9b0qt4ogrmp1inpjol,uli/B/B7/audio52.wav,5
bkaa9b0qt4ogrmp1inpjol,uli/D/D8/arm_08784_00750878508.wav_GL.wav,5
bkaa9b0qt4ogrmp1inpjol,uli/C/C2/fiona_12.wav,2
bkaa9b0qt4ogrmp1inpjol,uli/B/B9/VTLP_es-ES-ElviraNeural6.wav.wav,1
bkaa9b0qt4ogrmp1inpjol,uli/E/E1/arf_00295_01464825245.wav,5
bkaa9b0qt4ogrmp1inpjol,uli/D/D5/es-BO-MarceloNeural31.wav,2
bkaa9b0qt4ogrmp1inpjol,uli/A/A7/181.wav,1
bkaa9b0qt4ogrmp1inpjol,uli/C/C3/pedro_20.wav,2
bkaa9b0qt4ogrmp1inpjol,uli/B/B7/audio58.wav,5
bkaa9b0qt4ogrmp1inpjol,uli/E/E2/arf_00610_01805030745.wav,5
bkaa9b0qt4ogrmp1inpjol,uli/A/A6/153.wav,3
bkaa9b0qt4ogrmp1inpjol,uli/D/D1/f1per_2.wav,4
bkaa9b0qt4ogrmp1inpjol,uli/C/C8/enrique_1.wav,4
bkaa9b0qt4ogrmp1inpjol,uli/D/D5/es-BO-MarceloNeural93.wav,3
bkaa9b0qt4ogrmp1inpjol,uli/B/B7/audio132.wav,5
bkaa9b0qt4ogrmp1inpjol,uli/E/E9/arm_09697_01306802283.wav,5
bkaa9b0qt4ogrmp1inpjol,uli/A/A7/150.wav,1
bkaa9b0qt4ogrmp1inpjol,uli/D/D7/es-ES-ElviraNeural85.wav,1
bkaa9b0qt4ogrmp1inpjol,uli/E/E4/arm_08784_00177447617.wav,5
bkaa9b0qt4ogrmp1inpjol,uli/A/A2/95.wav,1
bkaa9b0qt4ogrmp1inpjol,uli/B/B1/audio31.wav,1
bkaa9b0qt4ogrmp1inpjol,uli/C/C7/conchita2_72.wav,1
36w18huenqzembkxhb4b67,uli/E/E9/arm_09697_00911546098.wav,4
36w18huenqzembkxhb4b67,uli/D/D7/es-ES-ElviraNeural66.wav,1
36w18huenqzembkxhb4b67,uli/C/C10/mia2.mp3,2
36w18huenqzembkxhb4b67,uli/A/A1/31.wav,3
36w18huenqzembkxhb4b67,uli/B/B6/miguel-25.wav,5
36w18huenqzembkxhb4b67,uli/C/C3/pedro_2.wav,4
36w18huenqzembkxhb4b67,uli/D/D7/es-ES-ElviraNeural15.wav,3
36w18huenqzembkxhb4b67,uli/E/E4/arm_08784_02060342706.wav,5
36w18huenqzembkxhb4b67,uli/B/B1/audio60.wav,3
36w18huenqzembkxhb4b67,uli/A/A3/audio39.wav,1
36w18huenqzembkxhb4b67,uli/E/E6/es-AR-ElenaNeural45.wav,4
36w18huenqzembkxhb4b67,uli/B/B7/audio74.wav,5
36w18huenqzembkxhb4b67,uli/A/A1/90.wav,2
36w18huenqzembkxhb4b67,uli/C/C1/penelope2_99.wav,2
36w18huenqzembkxhb4b67,uli/D/D9/priscilla_3.wav,4
36w18huenqzembkxhb4b67,uli/B/B7/audio104.wav,2
36w18huenqzembkxhb4b67,uli/C/C4/fiore_32.wav,3
36w18huenqzembkxhb4b67,uli/D/D4/olimpiaAI_62.wav,4
36w18huenqzembkxhb4b67,uli/E/E4/arm_08784_00824473967.wav,5
36w18huenqzembkxhb4b67,uli/A/A5/tts_dev_thomas_39.wav,2
36w18huenqzembkxhb4b67,uli/E/E2/arf_00610_01838963639.wav,5
36w18huenqzembkxhb4b67,uli/C/C1/penelope2_92.wav,4
36w18huenqzembkxhb4b67,uli/D/D7/es-ES-ElviraNeural14.wav,3
36w18huenqzembkxhb4b67,uli/B/B5/5.wav,4
36w18huenqzembkxhb4b67,uli/A/A7/114.wav,1
36w18huenqzembkxhb4b67,uli/E/E5/arm_00610_01360932885.wav,5
36w18huenqzembkxhb4b67,uli/B/B2/audio169.wav,1
36w18huenqzembkxhb4b67,uli/C/C2/fiona_6.wav,2
36w18huenqzembkxhb4b67,uli/A/A1/106.wav,1
36w18huenqzembkxhb4b67,uli/D/D6/es-ES-AlvaroNeural73.wav,5
36w18huenqzembkxhb4b67,uli/A/A4/sabrina_loquendo_3.wav,1
36w18huenqzembkxhb4b67,uli/C/C10/mia2_100.wav,2
36w18huenqzembkxhb4b67,uli/B/B3/enrique2_73.wav_GL.wav,2
36w18huenqzembkxhb4b67,uli/E/E6/es-AR-ElenaNeural5.wav,2
36w18huenqzembkxhb4b67,uli/D/D2/m1col_2.wav,1
36w18huenqzembkxhb4b67,uli/A/A3/audio126.wav,1
36w18huenqzembkxhb4b67,uli/E/E9/arm_09697_00882558697.wav,5
36w18huenqzembkxhb4b67,uli/B/B4/8.wav,2
36w18huenqzembkxhb4b67,uli/D/D5/es-BO-MarceloNeural29.wav,2
36w18huenqzembkxhb4b67,uli/C/C2/fiona2_94.wav,3
36w18huenqzembkxhb4b67,uli/B/B9/VTLP_es-ES-ElviraNeural56.wav.wav,1
36w18huenqzembkxhb4b67,uli/C/C5/albano_56.wav,4
36w18huenqzembkxhb4b67,uli/D/D10/lalita_70.wav,2
36w18huenqzembkxhb4b67,uli/E/E7/es-AR-TomasNeural71.wav,4
36w18huenqzembkxhb4b67,uli/A/A7/176.wav,1
i035g56vlm5ayg6ke1amp,uli/C/C9/lupe_16.wav,1
i035g56vlm5ayg6ke1amp,uli/B/B4/6.wav,1
i035g56vlm5ayg6ke1amp,uli/D/D10/lalita_35.wav,1
i035g56vlm5ayg6ke1amp,uli/A/A4/sabrina_loquendo_64.wav,1
i035g56vlm5ayg6ke1amp,uli/E/E3/audio_55.wav,5
i035g56vlm5ayg6ke1amp,uli/E/E4/arm_08784_01916348381.wav,5
i035g56vlm5ayg6ke1amp,uli/B/B2/audio187.wav,2
i035g56vlm5ayg6ke1amp,uli/C/C2/fiona_8.wav,1
i035g56vlm5ayg6ke1amp,uli/A/A2/100.wav,4
i035g56vlm5ayg6ke1amp,uli/D/D4/olimpiaAI_32.wav,1
i035g56vlm5ayg6ke1amp,uli/B/B3/enrique_3.wav_GL.wav,1
i035g56vlm5ayg6ke1amp,uli/D/D9/priscilla_38.wav,1
i035g56vlm5ayg6ke1amp,uli/E/E6/es-AR-ElenaNeural13.wav,3
i035g56vlm5ayg6ke1amp,uli/C/C8/enrique_21.wav,1
i035g56vlm5ayg6ke1amp,uli/A/A3/audio160.wav,3
i035g56vlm5ayg6ke1amp,uli/A/A1/73.wav,2
i035g56vlm5ayg6ke1amp,uli/D/D5/es-BO-MarceloNeural69.wav,1
i035g56vlm5ayg6ke1amp,uli/E/E8/es-BO-SofiaNeural92.wav,2
i035g56vlm5ayg6ke1amp,uli/C/C4/fiore_43.wav,1
i035g56vlm5ayg6ke1amp,uli/B/B9/VTLP_es-ES-ElviraNeural64.wav.wav,1
i035g56vlm5ayg6ke1amp,uli/A/A5/tts_dev_thomas_20.wav,1
i035g56vlm5ayg6ke1amp,uli/B/B9/VTLP_es-ES-ElviraNeural81.wav.wav,1
i035g56vlm5ayg6ke1amp,uli/E/E8/es-BO-SofiaNeural61.wav,3
i035g56vlm5ayg6ke1amp,uli/D/D8/arm_08784_01770510237.wav_GL.wav,4
i035g56vlm5ayg6ke1amp,uli/C/C9/lupe_19.wav,2
i035g56vlm5ayg6ke1amp,uli/E/E2/arf_00610_01852058096.wav,5
i035g56vlm5ayg6ke1amp,uli/B/B2/audio106.wav,1
i035g56vlm5ayg6ke1amp,uli/A/A5/tts_dev_thomas_58.wav,1
i035g56vlm5ayg6ke1amp,uli/C/C6/olimpia_16.wav,1
i035g56vlm5ayg6ke1amp,uli/D/D6/es-ES-AlvaroNeural81.wav,1
i035g56vlm5ayg6ke1amp,uli/C/C10/mia2_68.wav,3
i035g56vlm5ayg6ke1amp,uli/E/E2/arf_00610_00607531266.wav,5
i035g56vlm5ayg6ke1amp,uli/B/B8/VTLP_es-BO-MarceloNeural80.wav.wav,1
i035g56vlm5ayg6ke1amp,uli/D/D4/olimpiaAI_39.wav,2
i035g56vlm5ayg6ke1amp,uli/A/A3/audio47.wav,1
i035g56vlm5ayg6ke1amp,uli/C/C1/penelope_9.wav,1
i035g56vlm5ayg6ke1amp,uli/D/D4/olimpiaAI_81.wav,1
i035g56vlm5ayg6ke1amp,uli/A/A5/tts_dev_thomas_76.wav,1
i035g56vlm5ayg6ke1amp,uli/E/E3/audio_73.wav,5
i035g56vlm5ayg6ke1amp,uli/B/B3/enrique2_90.wav_GL.wav,1
i035g56vlm5ayg6ke1amp,uli/B/B7/audio151.wav,1
i035g56vlm5ayg6ke1amp,uli/C/C7/conchita_37.wav,1
i035g56vlm5ayg6ke1amp,uli/D/D2/m1pr_7.wav,2
i035g56vlm5ayg6ke1amp,uli/E/E5/arm_00610_00735751810.wav,5
i035g56vlm5ayg6ke1amp,uli/A/A5/tts_dev_thomas_90.wav,2
4kkajwqbxbr4zfc0eys6a3,uli/C/C7/conchita_15.wav,2
4kkajwqbxbr4zfc0eys6a3,uli/A/A7/162.wav,4
4kkajwqbxbr4zfc0eys6a3,uli/D/D10/lalita_74.wav,1
4kkajwqbxbr4zfc0eys6a3,uli/B/B3/enrique_15.wav_GL.wav,3
4kkajwqbxbr4zfc0eys6a3,uli/E/E6/es-AR-ElenaNeural98.wav,4
4kkajwqbxbr4zfc0eys6a3,uli/D/D6/es-ES-AlvaroNeural34.wav,2
4kkajwqbxbr4zfc0eys6a3,uli/E/E3/audio_254.wav,3
4kkajwqbxbr4zfc0eys6a3,uli/C/C1/penelope_17.wav,2
4kkajwqbxbr4zfc0eys6a3,uli/B/B1/audio148.wav,3
4kkajwqbxbr4zfc0eys6a3,uli/A/A3/audio146.wav,3
4kkajwqbxbr4zfc0eys6a3,uli/C/C4/fiore_8.wav,3
4kkajwqbxbr4zfc0eys6a3,uli/A/A5/tts_dev_thomas_21.wav,2
4kkajwqbxbr4zfc0eys6a3,uli/E/E5/arm_00610_01171224752.wav,4
4kkajwqbxbr4zfc0eys6a3,uli/B/B8/VTLP_es-BO-MarceloNeural87.wav.wav,1
4kkajwqbxbr4zfc0eys6a3,uli/D/D4/olimpiaAI_87.wav,2
4kkajwqbxbr4zfc0eys6a3,uli/E/E6/es-AR-ElenaNeural79.wav,4
4kkajwqbxbr4zfc0eys6a3,uli/A/A7/143.wav,3
4kkajwqbxbr4zfc0eys6a3,uli/D/D10/lalita_80.wav,2
4kkajwqbxbr4zfc0eys6a3,uli/C/C8/enrique2_55.wav,1
4kkajwqbxbr4zfc0eys6a3,uli/B/B1/audio113.wav,2
4kkajwqbxbr4zfc0eys6a3,uli/E/E2/arf_00610_01983307905.wav,4
4kkajwqbxbr4zfc0eys6a3,uli/D/D7/es-ES-ElviraNeural50.wav,2
4kkajwqbxbr4zfc0eys6a3,uli/C/C2/fiona2_89.wav,2
4kkajwqbxbr4zfc0eys6a3,uli/B/B5/1.wav,2
4kkajwqbxbr4zfc0eys6a3,uli/A/A6/93.wav,4
4kkajwqbxbr4zfc0eys6a3,uli/E/E3/audio_29.wav,4
4kkajwqbxbr4zfc0eys6a3,uli/C/C6/olimpia_76.wav,2
4kkajwqbxbr4zfc0eys6a3,uli/B/B1/audio140.wav,1
4kkajwqbxbr4zfc0eys6a3,uli/D/D4/olimpiaAI_64.wav,2
4kkajwqbxbr4zfc0eys6a3,uli/A/A3/audio190.wav,3
4kkajwqbxbr4zfc0eys6a3,uli/B/B5/10.wav,2
4kkajwqbxbr4zfc0eys6a3,uli/D/D9/priscilla_70.wav,2
4kkajwqbxbr4zfc0eys6a3,uli/C/C2/fiona2_63.wav,3
4kkajwqbxbr4zfc0eys6a3,uli/A/A3/audio6.wav,3
4kkajwqbxbr4zfc0eys6a3,uli/E/E3/audio_158.wav,4
4kkajwqbxbr4zfc0eys6a3,uli/A/A7/118.wav,4
4kkajwqbxbr4zfc0eys6a3,uli/C/C3/pedro_8.wav,3
4kkajwqbxbr4zfc0eys6a3,uli/E/E1/arf_00295_01362792856.wav,5
4kkajwqbxbr4zfc0eys6a3,uli/B/B8/VTLP_es-BO-MarceloNeural8.wav.wav,2
4kkajwqbxbr4zfc0eys6a3,uli/D/D5/es-BO-MarceloNeural37.wav,2
4kkajwqbxbr4zfc0eys6a3,uli/D/D5/es-BO-MarceloNeural55.wav,2
4kkajwqbxbr4zfc0eys6a3,uli/A/A2/110.wav,5
4kkajwqbxbr4zfc0eys6a3,uli/B/B2/audio114.wav,2
4kkajwqbxbr4zfc0eys6a3,uli/E/E1/arf_00295_01955284393.wav,5
4kkajwqbxbr4zfc0eys6a3,uli/C/C5/albano_36.wav,3
4kkajwqbxbr4zfc0eys6a3,uli/D/D8/arm_08784_01117707573.wav_GL.wav,4
4kkajwqbxbr4zfc0eys6a3,uli/E/E7/es-AR-TomasNeural12.wav,4
4kkajwqbxbr4zfc0eys6a3,uli/C/C10/mia2_74.wav,2
4kkajwqbxbr4zfc0eys6a3,uli/A/A1/63.wav,4
4kkajwqbxbr4zfc0eys6a3,uli/B/B8/VTLP_es-BO-MarceloNeural20.wav.wav,1
ztwx6tnel7ogegc0h9hjqr,uli/A/A5/tts_dev_thomas_32.wav,2
ztwx6tnel7ogegc0h9hjqr,uli/D/D8/arm_08784_00795832766.wav_GL.wav,3
ztwx6tnel7ogegc0h9hjqr,uli/B/B1/audio26.wav,2
ztwx6tnel7ogegc0h9hjqr,uli/E/E9/arm_09697_01143575012.wav,4
ztwx6tnel7ogegc0h9hjqr,uli/C/C9/lupe2_53.wav,1
ztwx6tnel7ogegc0h9hjqr,uli/A/A7/197.wav,2
ztwx6tnel7ogegc0h9hjqr,uli/C/C5/albano_85.wav,3
ztwx6tnel7ogegc0h9hjqr,uli/E/E2/arf_00610_00267144431.wav,4
ztwx6tnel7ogegc0h9hjqr,uli/B/B9/VTLP_es-ES-ElviraNeural33.wav.wav,1
ztwx6tnel7ogegc0h9hjqr,uli/D/D8/arm_08784_00763754614.wav_GL.wav,4
ztwx6tnel7ogegc0h9hjqr,uli/B/B7/audio81.wav,4
ztwx6tnel7ogegc0h9hjqr,uli/C/C10/mia2_57.wav,1
ztwx6tnel7ogegc0h9hjqr,uli/D/D8/arm_08784_01036122167.wav_GL.wav,3
ztwx6tnel7ogegc0h9hjqr,uli/A/A1/14.wav,3
ztwx6tnel7ogegc0h9hjqr,uli/E/E9/arm_09697_02082329754.wav,5
ztwx6tnel7ogegc0h9hjqr,uli/B/B2/audio76.wav,2
ztwx6tnel7ogegc0h9hjqr,uli/E/E9/arm_09697_01557731339.wav,4
ztwx6tnel7ogegc0h9hjqr,uli/A/A10/8.wav,2
ztwx6tnel7ogegc0h9hjqr,uli/D/D9/priscilla_36.wav,1
ztwx6tnel7ogegc0h9hjqr,uli/C/C3/pedro2_64.wav,2
ztwx6tnel7ogegc0h9hjqr,uli/B/B1/audio121.wav,2
ztwx6tnel7ogegc0h9hjqr,uli/C/C3/pedro2_61.wav,3
ztwx6tnel7ogegc0h9hjqr,uli/D/D7/es-ES-ElviraNeural77.wav,1
ztwx6tnel7ogegc0h9hjqr,uli/E/E4/arm_08784_02062382625.wav,5
ztwx6tnel7ogegc0h9hjqr,uli/A/A8/4.wav,3
ztwx6tnel7ogegc0h9hjqr,uli/D/D8/arm_08784_01778842438.wav_GL.wav,3
ztwx6tnel7ogegc0h9hjqr,uli/B/B1/audio9.wav,2
ztwx6tnel7ogegc0h9hjqr,uli/C/C10/mia_38.wav,2
ztwx6tnel7ogegc0h9hjqr,uli/A/A5/tts_dev_thomas_15.wav,1
ztwx6tnel7ogegc0h9hjqr,uli/E/E2/arf_00610_01519113277.wav,4
ztwx6tnel7ogegc0h9hjqr,uli/B/B9/VTLP_es-ES-ElviraNeural80.wav.wav,1
ztwx6tnel7ogegc0h9hjqr,uli/C/C4/fiore_28.wav,2
ztwx6tnel7ogegc0h9hjqr,uli/A/A5/tts_dev_thomas_34.wav,1
ztwx6tnel7ogegc0h9hjqr,uli/D/D3/leticia_80.wav,2
ztwx6tnel7ogegc0h9hjqr,uli/E/E3/audio_83.wav,3
ztwx6tnel7ogegc0h9hjqr,uli/B/B1/audio13.wav,2
ztwx6tnel7ogegc0h9hjqr,uli/E/E4/arm_08784_01846467604.wav,4
ztwx6tnel7ogegc0h9hjqr,uli/A/A2/52.wav,3
ztwx6tnel7ogegc0h9hjqr,uli/C/C1/penelope_47.wav,1
ztwx6tnel7ogegc0h9hjqr,uli/D/D3/leticia_79.wav,2
ztwx6tnel7ogegc0h9hjqr,uli/D/D10/lalita_11.wav,1
ztwx6tnel7ogegc0h9hjqr,uli/B/B2/audio38.wav,2
ztwx6tnel7ogegc0h9hjqr,uli/E/E9/arm_09697_01528532395.wav,4
ztwx6tnel7ogegc0h9hjqr,uli/A/A4/sabrina_loquendo_34.wav,1
ztwx6tnel7ogegc0h9hjqr,uli/C/C6/olimpia_3.wav,1
ztwx6tnel7ogegc0h9hjqr,uli/C/C6/olimpia_72.wav,1
ztwx6tnel7ogegc0h9hjqr,uli/A/A5/tts_dev_thomas_60.wav,1
ztwx6tnel7ogegc0h9hjqr,uli/B/B1/audio195.wav,4
ztwx6tnel7ogegc0h9hjqr,uli/D/D5/es-BO-MarceloNeural6.wav,1
ztwx6tnel7ogegc0h9hjqr,uli/E/E8/es-BO-SofiaNeural87.wav,3
wqc6g1y755ulfhnkoksei,uli/E/E1/arf_00295_02105819517.wav,3
wqc6g1y755ulfhnkoksei,uli/D/D7/es-ES-ElviraNeural2.wav,2
wqc6g1y755ulfhnkoksei,uli/A/A4/sabrina_loquendo_65.wav,2
wqc6g1y755ulfhnkoksei,uli/B/B9/VTLP_es-ES-ElviraNeural72.wav.wav,2
wqc6g1y755ulfhnkoksei,uli/C/C1/penelope_28.wav,2
wqc6g1y755ulfhnkoksei,uli/E/E2/arf_00610_02031088808.wav,4
wqc6g1y755ulfhnkoksei,uli/A/A1/30.wav,2
wqc6g1y755ulfhnkoksei,uli/B/B7/audio161.wav,3
wqc6g1y755ulfhnkoksei,uli/D/D3/leticia_20.wav,3
wqc6g1y755ulfhnkoksei,uli/C/C9/lupe_43.wav,2
wqc6g1y755ulfhnkoksei,uli/E/E3/audio_217.wav,4
wqc6g1y755ulfhnkoksei,uli/D/D4/Olimpia9-05.wav,2
wqc6g1y755ulfhnkoksei,uli/A/A2/39.wav,3
wqc6g1y755ulfhnkoksei,uli/B/B2/audio78.wav,2
wqc6g1y755ulfhnkoksei,uli/C/C2/fiona2_58.wav,2
wqc6g1y755ulfhnkoksei,uli/E/E1/arf_00295_00697160059.wav,4
wqc6g1y755ulfhnkoksei,uli/A/A7/103.wav,2
wqc6g1y755ulfhnkoksei,uli/D/D8/arm_08784_01535005078.wav_GL.wav,2
wqc6g1y755ulfhnkoksei,uli/B/B8/VTLP_es-BO-MarceloNeural94.wav.wav,2
wqc6g1y755ulfhnkoksei,uli/C/C1/penelope_22.wav,2
wqc6g1y755ulfhnkoksei,uli/A/A3/audio20.wav,2
wqc6g1y755ulfhnkoksei,uli/C/C5/albano_80.wav,2
wqc6g1y755ulfhnkoksei,uli/D/D6/es-ES-AlvaroNeural60.wav,2
wqc6g1y755ulfhnkoksei,uli/B/B1/audio49.wav,3
wqc6g1y755ulfhnkoksei,uli/E/E5/arm_00610_01971773855.wav,4
wqc6g1y755ulfhnkoksei,uli/C/C7/conchita_26.wav,2
wqc6g1y755ulfhnkoksei,uli/E/E5/arm_00610_00339440734.wav,4
wqc6g1y755ulfhnkoksei,uli/B/B2/audio60.wav,2
wqc6g1y755ulfhnkoksei,uli/D/D5/es-BO-MarceloNeural98.wav,2
wqc6g1y755ulfhnkoksei,uli/A/A6/198.wav,4
wqc6g1y755ulfhnkoksei,uli/C/C10/mia2_99.wav,2
wqc6g1y755ulfhnkoksei,uli/A/A2/109.wav,3
wqc6g1y755ulfhnkoksei,uli/E/E1/arf_00295_00957559327.wav,4
wqc6g1y755ulfhnkoksei,uli/D/D4/olimpiaAI_75.wav,2
wqc6g1y755ulfhnkoksei,uli/B/B1/audio74.wav,3
wqc6g1y755ulfhnkoksei,uli/A/A7/99.wav,3
wqc6g1y755ulfhnkoksei,uli/D/D5/es-BO-MarceloNeural12.wav,2
wqc6g1y755ulfhnkoksei,uli/B/B9/VTLP_es-ES-ElviraNeural20.wav.wav,2
wqc6g1y755ulfhnkoksei,uli/E/E8/es-BO-SofiaNeural56.wav,2
wqc6g1y755ulfhnkoksei,uli/C/C7/conchita2_99.wav,2
wqc6g1y755ulfhnkoksei,uli/D/D3/leticia_45.wav,2
wqc6g1y755ulfhnkoksei,uli/A/A3/audio73.wav,2
wqc6g1y755ulfhnkoksei,uli/B/B8/VTLP_es-BO-MarceloNeural69.wav.wav,2
wqc6g1y755ulfhnkoksei,uli/E/E10/es-MX-JorgeNeural86.wav,4
wqc6g1y755ulfhnkoksei,uli/C/C7/conchita2_95.wav,2
93u2ldy3lalf5sc8spao9,uli/D/D4/olimpiaAI_74.wav,2
93u2ldy3lalf5sc8spao9,uli/A/A5/tts_dev_thomas_85.wav,1
93u2ldy3lalf5sc8spao9,uli/B/B7/audio20.wav,2
93u2ldy3lalf5sc8spao9,uli/C/C9/lupe_42.wav,2
93u2ldy3lalf5sc8spao9,uli/E/E3/audio_223.wav,4
93u2ldy3lalf5sc8spao9,uli/A/A6/128.wav,2
93u2ldy3lalf5sc8spao9,uli/D/D7/es-ES-ElviraNeural7.wav,1
93u2ldy3lalf5sc8spao9,uli/C/C4/fiore_42.wav,2
93u2ldy3lalf5sc8spao9,uli/E/E5/arm_00610_01276437349.wav,5
93u2ldy3lalf5sc8spao9,uli/B/B7/audio115.wav,1
93u2ldy3lalf5sc8spao9,uli/C/C4/fiore_47.wav,1
93u2ldy3lalf5sc8spao9,uli/E/E3/audio_95.wav,4
93u2ldy3lalf5sc8spao9,uli/B/B7/audio173.wav,2
93u2ldy3lalf5sc8spao9,uli/A/A4/sabrina_loquendo_18.wav,2
93u2ldy3lalf5sc8spao9,uli/D/D4/olimpiaAI_28.wav,2
93u2ldy3lalf5sc8spao9,uli/D/D8/arm_08784_01441234155.wav_GL.wav,2
93u2ldy3lalf5sc8spao9,uli/B/B7/audio181.wav,3
93u2ldy3lalf5sc8spao9,uli/A/A7/97.wav,2
93u2ldy3lalf5sc8spao9,uli/E/E8/es-BO-SofiaNeural40.wav,4
93u2ldy3lalf5sc8spao9,uli/C/C9/lupe2_87.wav,2
93u2ldy3lalf5sc8spao9,uli/B/B2/audio125.wav,2
93u2ldy3lalf5sc8spao9,uli/D/D5/es-BO-MarceloNeural86.wav,2
93u2ldy3lalf5sc8spao9,uli/C/C3/pedro2_94.wav,1
93u2ldy3lalf5sc8spao9,uli/E/E9/arm_09697_00381831126.wav,4
93u2ldy3lalf5sc8spao9,uli/A/A1/74.wav,1
93u2ldy3lalf5sc8spao9,uli/B/B1/audio97.wav,1
93u2ldy3lalf5sc8spao9,uli/A/A3/audio133.wav,1
93u2ldy3lalf5sc8spao9,uli/C/C9/lupe_12.wav,2
93u2ldy3lalf5sc8spao9,uli/E/E3/audio_156.wav,4
93u2ldy3lalf5sc8spao9,uli/D/D5/es-BO-MarceloNeural28.wav,2
93u2ldy3lalf5sc8spao9,uli/D/D6/es-ES-AlvaroNeural53.wav,2
93u2ldy3lalf5sc8spao9,uli/A/A2/10.wav,1
93u2ldy3lalf5sc8spao9,uli/E/E9/arm_09697_00231978950.wav,4
93u2ldy3lalf5sc8spao9,uli/B/B8/VTLP_es-BO-MarceloNeural78.wav.wav,1
93u2ldy3lalf5sc8spao9,uli/C/C6/olimpia_6.wav,2
93u2ldy3lalf5sc8spao9,uli/C/C4/fiore_0.wav,1
93u2ldy3lalf5sc8spao9,uli/B/B2/audio19.wav,3
93u2ldy3lalf5sc8spao9,uli/A/A6/146.wav,2
93u2ldy3lalf5sc8spao9,uli/E/E1/arf_00295_01303386196.wav,5
93u2ldy3lalf5sc8spao9,uli/D/D5/es-BO-MarceloNeural75.wav,2
93u2ldy3lalf5sc8spao9,uli/B/B7/audio80.wav,2
93u2ldy3lalf5sc8spao9,uli/A/A8/5.wav,1
93u2ldy3lalf5sc8spao9,uli/E/E6/es-AR-ElenaNeural93.wav,2
93u2ldy3lalf5sc8spao9,uli/D/D10/lalita_55.wav,2
93u2ldy3lalf5sc8spao9,uli/C/C1/penelope_15.wav,2
nlz815o2yjmlk4nbngwm2c,uli/B/B1/audio56.wav,2
nlz815o2yjmlk4nbngwm2c,uli/C/C10/mia_40.wav,1
nlz815o2yjmlk4nbngwm2c,uli/D/D7/es-ES-ElviraNeural75.wav,1
nlz815o2yjmlk4nbngwm2c,uli/A/A2/7.wav,4
nlz815o2yjmlk4nbngwm2c,uli/E/E10/es-MX-JorgeNeural75.wav,3
nlz815o2yjmlk4nbngwm2c,uli/B/B3/enrique_11.wav_GL.wav,1
nlz815o2yjmlk4nbngwm2c,uli/C/C7/conchita_11.wav,2
nlz815o2yjmlk4nbngwm2c,uli/E/E1/arf_00295_01779513384.wav,5
nlz815o2yjmlk4nbngwm2c,uli/D/D4/olimpiaAI_67.wav,2
nlz815o2yjmlk4nbngwm2c,uli/A/A5/tts_dev_thomas_8.wav,1
nlz815o2yjmlk4nbngwm2c,uli/B/B2/audio68.wav,4
nlz815o2yjmlk4nbngwm2c,uli/A/A7/183.wav,5
nlz815o2yjmlk4nbngwm2c,uli/D/D8/arm_08784_01507830010.wav_GL.wav,4
nlz815o2yjmlk4nbngwm2c,uli/E/E3/audio_22.wav,3
nlz815o2yjmlk4nbngwm2c,uli/C/C2/fiona_16.wav,1
nlz815o2yjmlk4nbngwm2c,uli/E/E4/arm_08784_00019615132.wav,5
nlz815o2yjmlk4nbngwm2c,uli/B/B7/audio168.wav,3
nlz815o2yjmlk4nbngwm2c,uli/A/A1/75.wav,4
nlz815o2yjmlk4nbngwm2c,uli/C/C8/enrique_32.wav,1
nlz815o2yjmlk4nbngwm2c,uli/D/D7/es-ES-ElviraNeural12.wav,1
nlz815o2yjmlk4nbngwm2c,uli/D/D5/es-BO-MarceloNeural43.wav,2
nlz815o2yjmlk4nbngwm2c,uli/E/E1/arf_00295_01469980177.wav,5
nlz815o2yjmlk4nbngwm2c,uli/C/C4/fiore_31.wav,3
nlz815o2yjmlk4nbngwm2c,uli/B/B10/VTLP_es-AR-TomasNeural32.wav.wav,1
nlz815o2yjmlk4nbngwm2c,uli/A/A4/sabrina_loquendo_10.wav,1
nlz815o2yjmlk4nbngwm2c,uli/D/D5/es-BO-MarceloNeural10.wav,3
nlz815o2yjmlk4nbngwm2c,uli/A/A7/186.wav,3
nlz815o2yjmlk4nbngwm2c,uli/B/B2/audio131.wav,2
nlz815o2yjmlk4nbngwm2c,uli/E/E3/audio_198.wav,4
nlz815o2yjmlk4nbngwm2c,uli/C/C10/mia2_72.wav,3
nlz815o2yjmlk4nbngwm2c,uli/B/B10/VTLP_es-AR-TomasNeural22.wav.wav,1
nlz815o2yjmlk4nbngwm2c,uli/E/E3/audio_143.wav,4
nlz815o2yjmlk4nbngwm2c,uli/C/C9/lupe_41.wav,2
nlz815o2yjmlk4nbngwm2c,uli/D/D10/lalita_17.wav,3
nlz815o2yjmlk4nbngwm2c,uli/A/A4/sabrina_loquendo_79.wav,1
nlz815o2yjmlk4nbngwm2c,uli/E/E9/arm_09697_00974913461.wav,5
nlz815o2yjmlk4nbngwm2c,uli/B/B1/audio4.wav,3
nlz815o2yjmlk4nbngwm2c,uli/C/C9/lupe_46.wav,2
nlz815o2yjmlk4nbngwm2c,uli/A/A2/69.wav,4
nlz815o2yjmlk4nbngwm2c,uli/D/D3/leticia_47.wav,3
nlz815o2yjmlk4nbngwm2c,uli/A/A7/124.wav,2
nlz815o2yjmlk4nbngwm2c,uli/E/E6/es-AR-ElenaNeural36.wav,3
nlz815o2yjmlk4nbngwm2c,uli/B/B8/VTLP_es-BO-MarceloNeural76.wav.wav,1
nlz815o2yjmlk4nbngwm2c,uli/D/D2/m1arg_7.wav,3
nlz815o2yjmlk4nbngwm2c,uli/C/C2/fiona_44.wav,1
nlz815o2yjmlk4nbngwm2c,uli/E/E9/arm_09697_00521418859.wav,5
nlz815o2yjmlk4nbngwm2c,uli/A/A4/sabrina_loquendo_27.wav,1
nlz815o2yjmlk4nbngwm2c,uli/C/C10/mia_7.wav,2
nlz815o2yjmlk4nbngwm2c,uli/D/D6/es-ES-AlvaroNeural72.wav,3
nlz815o2yjmlk4nbngwm2c,uli/B/B7/audio46.wav,3
l3to3epra8roe2fn8grs,,
l3to3epra8roe2fn8grs,,
l3to3epra8roe2fn8grs,,
l3to3epra8roe2fn8grs,,
l3to3epra8roe2fn8grs,,
l3to3epra8roe2fn8grs,,
l3to3epra8roe2fn8grs,,
l3to3epra8roe2fn8grs,,
l3to3epra8roe2fn8grs,,
l3to3epra8roe2fn8grs,,
l3to3epra8roe2fn8grs,,
l3to3epra8roe2fn8grs,,
l3to3epra8roe2fn8grs,,
l3to3epra8roe2fn8grs,,
l3to3epra8roe2fn8grs,,
l3to3epra8roe2fn8grs,,
l3to3epra8roe2fn8grs,,
l3to3epra8roe2fn8grs,,
l3to3epra8roe2fn8grs,,
l3to3epra8roe2fn8grs,,
qutvhu57mnvi6fizy1t3,uli/D/D5/es-BO-MarceloNeural25.wav,2
qutvhu57mnvi6fizy1t3,uli/E/E2/arf_00610_00848604729.wav,5
qutvhu57mnvi6fizy1t3,uli/C/C2/fiona2_65.wav,3
qutvhu57mnvi6fizy1t3,uli/B/B4/1.wav,3
qutvhu57mnvi6fizy1t3,uli/A/A5/tts_dev_thomas_19.wav,1
l3to3epra8roe2fn8grs,,
l3to3epra8roe2fn8grs,,
l3to3epra8roe2fn8grs,,
l3to3epra8roe2fn8grs,,
l3to3epra8roe2fn8grs,,
l3to3epra8roe2fn8grs,,
l3to3epra8roe2fn8grs,,
l3to3epra8roe2fn8grs,,
l3to3epra8roe2fn8grs,,
l3to3epra8roe2fn8grs,,
l3to3epra8roe2fn8grs,,
l3to3epra8roe2fn8grs,,
l3to3epra8roe2fn8grs,,
l3to3epra8roe2fn8grs,,
l3to3epra8roe2fn8grs,,
l3to3epra8roe2fn8grs,,
l3to3epra8roe2fn8grs,,
l3to3epra8roe2fn8grs,,
l3to3epra8roe2fn8grs,,
l3to3epra8roe2fn8grs,,
l3to3epra8roe2fn8grs,,
l3to3epra8roe2fn8grs,,
l3to3epra8roe2fn8grs,,
l3to3epra8roe2fn8grs,,
l3to3epra8roe2fn8grs,,
qutvhu57mnvi6fizy1t3,uli/B/B3/enrique2_69.wav_GL.wav,2
qutvhu57mnvi6fizy1t3,uli/A/A3/audio131.wav,1
qutvhu57mnvi6fizy1t3,uli/E/E4/arm_08784_00640197534.wav,5
qutvhu57mnvi6fizy1t3,uli/C/C2/fiona2_86.wav,4
qutvhu57mnvi6fizy1t3,uli/D/D9/priscilla_81.wav,3
qutvhu57mnvi6fizy1t3,,
qutvhu57mnvi6fizy1t3,,
qutvhu57mnvi6fizy1t3,,
qutvhu57mnvi6fizy1t3,,
qutvhu57mnvi6fizy1t3,,
c6o6iafmvykjd72hc517n,uli/D/D10/lalita_78.wav,1
c6o6iafmvykjd72hc517n,uli/A/A4/sabrina_loquendo_32.wav,1
c6o6iafmvykjd72hc517n,uli/C/C8/enrique2_64.wav,2
c6o6iafmvykjd72hc517n,uli/B/B8/VTLP_es-BO-MarceloNeural48.wav.wav,1
c6o6iafmvykjd72hc517n,uli/E/E1/arf_00295_01713716478.wav,5
c6o6iafmvykjd72hc517n,uli/C/C8/enrique_7.wav,2
c6o6iafmvykjd72hc517n,uli/E/E3/audio_78.wav,3
c6o6iafmvykjd72hc517n,uli/A/A6/114.wav,1
c6o6iafmvykjd72hc517n,uli/B/B7/audio77.wav,2
c6o6iafmvykjd72hc517n,uli/D/D3/leticia_3.wav,2
c6o6iafmvykjd72hc517n,uli/E/E9/arm_09697_01180066901.wav,5
c6o6iafmvykjd72hc517n,uli/D/D2/m1col_6.wav,2
c6o6iafmvykjd72hc517n,uli/C/C8/enrique2_98.wav,3
c6o6iafmvykjd72hc517n,uli/A/A2/37.wav,1
c6o6iafmvykjd72hc517n,uli/B/B7/audio110.wav,3
c6o6iafmvykjd72hc517n,uli/D/D1/f2arg_5.wav,4
c6o6iafmvykjd72hc517n,uli/A/A6/145.wav,2
c6o6iafmvykjd72hc517n,uli/C/C9/lupe_29.wav,1
c6o6iafmvykjd72hc517n,uli/E/E9/arm_09697_00864485324.wav,5
c6o6iafmvykjd72hc517n,uli/B/B3/enrique_0.wav_GL.wav,1
c6o6iafmvykjd72hc517n,uli/D/D1/f1chi_3.wav,1
c6o6iafmvykjd72hc517n,uli/B/B7/audio143.wav,2
c6o6iafmvykjd72hc517n,uli/E/E4/arm_08784_00795832766.wav,5
c6o6iafmvykjd72hc517n,uli/C/C9/lupe2_85.wav,1
c6o6iafmvykjd72hc517n,uli/A/A1/66.wav,1
c6o6iafmvykjd72hc517n,uli/A/A7/153.wav,2
c6o6iafmvykjd72hc517n,uli/C/C6/olimpia_71.wav,1
c6o6iafmvykjd72hc517n,uli/B/B7/audio36.wav,3
c6o6iafmvykjd72hc517n,uli/E/E6/es-AR-ElenaNeural20.wav,3
c6o6iafmvykjd72hc517n,uli/D/D6/es-ES-AlvaroNeural11.wav,3
c6o6iafmvykjd72hc517n,uli/C/C5/albano_87.wav,4
c6o6iafmvykjd72hc517n,uli/D/D4/olimpiaAI_27.wav,1
c6o6iafmvykjd72hc517n,uli/A/A2/87.wav,2
c6o6iafmvykjd72hc517n,uli/B/B1/audio102.wav,3
c6o6iafmvykjd72hc517n,uli/E/E4/arm_08784_00275140832.wav,5
c6o6iafmvykjd72hc517n,uli/D/D8/arm_08784_00055338879.wav_GL.wav,2
c6o6iafmvykjd72hc517n,uli/B/B3/enrique_40.wav_GL.wav,2
c6o6iafmvykjd72hc517n,uli/A/A4/sabrina_loquendo_51.wav,1
c6o6iafmvykjd72hc517n,uli/E/E7/es-AR-TomasNeural96.wav,4
c6o6iafmvykjd72hc517n,uli/C/C8/enrique2_90.wav,5
c6o6iafmvykjd72hc517n,uli/B/B10/VTLP_es-AR-ElenaNeural26.wav.wav,2
c6o6iafmvykjd72hc517n,uli/A/A3/audio115.wav,2
c6o6iafmvykjd72hc517n,uli/C/C3/pedro_37.wav,3
c6o6iafmvykjd72hc517n,uli/E/E2/arf_00610_00627937971.wav,3
c6o6iafmvykjd72hc517n,uli/D/D10/lalita_45.wav,1
iboag27p95cimh20dsteol,uli/C/C2/fiona2_87.wav,2
iboag27p95cimh20dsteol,uli/D/D4/Olimpia9-02.wav,3
iboag27p95cimh20dsteol,uli/E/E2/arf_00610_01414016169.wav,5
iboag27p95cimh20dsteol,uli/B/B2/audio115.wav,1
iboag27p95cimh20dsteol,uli/A/A5/tts_dev_thomas_14.wav,1
iboag27p95cimh20dsteol,uli/E/E7/es-AR-TomasNeural74.wav,4
iboag27p95cimh20dsteol,uli/C/C4/fiore_10.wav,3
iboag27p95cimh20dsteol,uli/B/B8/VTLP_es-BO-MarceloNeural18.wav.wav,1
iboag27p95cimh20dsteol,uli/D/D9/priscilla_49.wav,3
iboag27p95cimh20dsteol,uli/A/A7/145.wav,1
iboag27p95cimh20dsteol,uli/B/B1/audio116.wav,2
iboag27p95cimh20dsteol,uli/E/E9/arm_09697_00706708618.wav,5
iboag27p95cimh20dsteol,uli/A/A6/167.wav,2
iboag27p95cimh20dsteol,uli/C/C7/conchita2_98.wav,2
iboag27p95cimh20dsteol,uli/D/D6/es-ES-AlvaroNeural15.wav,3
iboag27p95cimh20dsteol,uli/E/E8/es-BO-SofiaNeural48.wav,4
iboag27p95cimh20dsteol,uli/A/A4/sabrina_loquendo_63.wav,3
iboag27p95cimh20dsteol,uli/D/D9/priscilla_87.wav,4
iboag27p95cimh20dsteol,uli/B/B3/enrique2_92.wav_GL.wav,2
iboag27p95cimh20dsteol,uli/C/C3/pedro2_97.wav,4
iboag27p95cimh20dsteol,uli/D/D3/leticia_39.wav,4
iboag27p95cimh20dsteol,uli/A/A7/147.wav,2
iboag27p95cimh20dsteol,uli/B/B8/VTLP_es-BO-MarceloNeural42.wav.wav,1
iboag27p95cimh20dsteol,uli/C/C7/conchita2_80.wav,3
iboag27p95cimh20dsteol,uli/E/E6/es-AR-ElenaNeural78.wav,4
iboag27p95cimh20dsteol,uli/A/A3/audio194.wav,1
iboag27p95cimh20dsteol,uli/D/D8/arm_08784_00388494845.wav_GL.wav,4
iboag27p95cimh20dsteol,uli/E/E5/arm_00610_00731208868.wav,5
iboag27p95cimh20dsteol,uli/C/C2/fiona_36.wav,3
iboag27p95cimh20dsteol,uli/B/B7/audio35.wav,2
iboag27p95cimh20dsteol,uli/C/C6/olimpia_15.wav,2
iboag27p95cimh20dsteol,uli/B/B1/audio14.wav,4
iboag27p95cimh20dsteol,uli/A/A9/8.wav,1
iboag27p95cimh20dsteol,uli/E/E10/es-MX-JorgeNeural80.wav,3
iboag27p95cimh20dsteol,uli/D/D8/arm_08784_02127185209.wav_GL.wav,5
7nx1cmjz8nin1rn9la865,uli/A/A5/tts_dev_thomas_56.wav,2
7nx1cmjz8nin1rn9la865,uli/C/C2/fiona_37.wav,3
7nx1cmjz8nin1rn9la865,uli/D/D3/leticia_17.wav,3
7nx1cmjz8nin1rn9la865,uli/E/E5/arm_00610_01738209033.wav,5
7nx1cmjz8nin1rn9la865,uli/B/B7/audio79.wav,2
7nx1cmjz8nin1rn9la865,uli/E/E5/arm_00610_00962289604.wav,5
7nx1cmjz8nin1rn9la865,uli/B/B2/audio183.wav,2
7nx1cmjz8nin1rn9la865,uli/D/D10/lalita_39.wav,3
7nx1cmjz8nin1rn9la865,uli/A/A3/audio45.wav,1
7nx1cmjz8nin1rn9la865,uli/C/C8/enrique_39.wav,3
7nx1cmjz8nin1rn9la865,uli/A/A1/69.wav,1
7nx1cmjz8nin1rn9la865,uli/E/E5/arm_00610_00635325243.wav,5
7nx1cmjz8nin1rn9la865,uli/B/B7/audio150.wav,2
7nx1cmjz8nin1rn9la865,uli/D/D9/priscilla_33.wav,3
7nx1cmjz8nin1rn9la865,uli/C/C8/enrique_19.wav,3
7nx1cmjz8nin1rn9la865,uli/B/B7/audio10.wav,2
7nx1cmjz8nin1rn9la865,uli/A/A3/audio52.wav,1
7nx1cmjz8nin1rn9la865,uli/C/C9/lupe_28.wav,2
7nx1cmjz8nin1rn9la865,uli/E/E9/arm_09697_01867663602.wav,5
7nx1cmjz8nin1rn9la865,uli/D/D1/f1col_8.wav,3
7nx1cmjz8nin1rn9la865,uli/D/D7/es-ES-ElviraNeural20.wav,2
7nx1cmjz8nin1rn9la865,uli/B/B1/audio110.wav,5
7nx1cmjz8nin1rn9la865,uli/E/E9/arm_09697_01515967379.wav,5
7nx1cmjz8nin1rn9la865,uli/A/A1/26.wav,1
7nx1cmjz8nin1rn9la865,uli/C/C8/enrique_8.wav,3
7nx1cmjz8nin1rn9la865,uli/A/A7/160.wav,1
7nx1cmjz8nin1rn9la865,uli/D/D7/es-ES-ElviraNeural81.wav,3
7nx1cmjz8nin1rn9la865,uli/B/B3/enrique2_68.wav_GL.wav,2
7nx1cmjz8nin1rn9la865,uli/C/C2/fiona_11.wav,3
7nx1cmjz8nin1rn9la865,uli/E/E9/arm_09697_00662907668.wav,5
7nx1cmjz8nin1rn9la865,uli/D/D4/olimpiaAI_5.wav,3
7nx1cmjz8nin1rn9la865,uli/E/E2/arf_00610_01060090779.wav,5
7nx1cmjz8nin1rn9la865,uli/B/B7/audio158.wav,2
7nx1cmjz8nin1rn9la865,uli/A/A5/tts_dev_thomas_81.wav,1
7nx1cmjz8nin1rn9la865,uli/C/C4/fiore_68.wav,4
7nx1cmjz8nin1rn9la865,uli/D/D6/es-ES-AlvaroNeural10.wav,3
7nx1cmjz8nin1rn9la865,uli/B/B10/VTLP_es-AR-ElenaNeural25.wav.wav,1
7nx1cmjz8nin1rn9la865,uli/A/A2/72.wav,2
7nx1cmjz8nin1rn9la865,uli/E/E3/audio_59.wav,5
7nx1cmjz8nin1rn9la865,uli/C/C2/fiona_21.wav,4
7nx1cmjz8nin1rn9la865,uli/B/B6/miguel-23.wav,3
7nx1cmjz8nin1rn9la865,uli/A/A3/audio137.wav,1
7nx1cmjz8nin1rn9la865,uli/D/D3/leticia_58.wav,5
7nx1cmjz8nin1rn9la865,uli/E/E3/audio_216.wav,5
7nx1cmjz8nin1rn9la865,uli/C/C1/penelope2_51.wav,3
ee4i8isvlpyncgz1odqs,uli/C/C4/fiore_67.wav,1
ee4i8isvlpyncgz1odqs,uli/B/B2/audio122.wav,3
ee4i8isvlpyncgz1odqs,uli/A/A7/164.wav,4
ee4i8isvlpyncgz1odqs,uli/E/E1/arf_00295_00890184807.wav,5
ee4i8isvlpyncgz1odqs,uli/D/D9/priscilla_64.wav,1
ee4i8isvlpyncgz1odqs,uli/B/B3/enrique2_62.wav_GL.wav,2
ee4i8isvlpyncgz1odqs,uli/C/C6/olimpia_84.wav,2
ee4i8isvlpyncgz1odqs,uli/D/D4/olimpiaAI_54.wav,2
ee4i8isvlpyncgz1odqs,uli/A/A2/86.wav,4
ee4i8isvlpyncgz1odqs,uli/E/E5/arm_00610_00391785761.wav,5
ee4i8isvlpyncgz1odqs,uli/A/A2/48.wav,4
ee4i8isvlpyncgz1odqs,uli/C/C2/fiona_48.wav,3
ee4i8isvlpyncgz1odqs,uli/D/D7/es-ES-ElviraNeural27.wav,1
ee4i8isvlpyncgz1odqs,uli/B/B7/audio89.wav,3
ee4i8isvlpyncgz1odqs,uli/E/E10/es-MX-JorgeNeural71.wav,2
ee4i8isvlpyncgz1odqs,uli/C/C7/conchita_40.wav,1
ee4i8isvlpyncgz1odqs,uli/D/D2/m1arg_0.wav,3
ee4i8isvlpyncgz1odqs,uli/B/B3/enrique_41.wav_GL.wav,1
ee4i8isvlpyncgz1odqs,uli/E/E10/es-MX-JorgeNeural9.wav,2
ee4i8isvlpyncgz1odqs,uli/A/A1/72.wav,2
ee4i8isvlpyncgz1odqs,uli/A/A4/sabrina_loquendo_50.wav,1
ee4i8isvlpyncgz1odqs,uli/D/D1/f2arg_4.wav,4
ee4i8isvlpyncgz1odqs,uli/C/C5/albano_22.wav,2
ee4i8isvlpyncgz1odqs,uli/B/B9/VTLP_es-ES-ElviraNeural57.wav.wav,3
ee4i8isvlpyncgz1odqs,uli/E/E9/arm_09697_01703464585.wav,5
ee4i8isvlpyncgz1odqs,uli/B/B8/VTLP_es-BO-MarceloNeural95.wav.wav,4
ee4i8isvlpyncgz1odqs,uli/E/E5/arm_00610_00970456339.wav,5
ee4i8isvlpyncgz1odqs,uli/C/C1/penelope_30.wav,3
ee4i8isvlpyncgz1odqs,uli/D/D7/es-ES-ElviraNeural71.wav,1
ee4i8isvlpyncgz1odqs,uli/A/A7/105.wav,2
ee4i8isvlpyncgz1odqs,uli/C/C8/enrique_26.wav,4
ee4i8isvlpyncgz1odqs,uli/E/E1/arf_00295_00253266257.wav,3
ee4i8isvlpyncgz1odqs,uli/A/A7/133.wav,1
ee4i8isvlpyncgz1odqs,uli/B/B1/audio100.wav,2
ee4i8isvlpyncgz1odqs,uli/D/D2/m1arg_1.wav,4
ee4i8isvlpyncgz1odqs,uli/B/B9/VTLP_es-ES-ElviraNeural16.wav.wav,1
ee4i8isvlpyncgz1odqs,uli/D/D5/es-BO-MarceloNeural92.wav,4
ee4i8isvlpyncgz1odqs,uli/C/C10/mia2_64.wav,1
ee4i8isvlpyncgz1odqs,uli/A/A6/180.wav,4
ee4i8isvlpyncgz1odqs,uli/E/E4/arm_08784_00421462788.wav,5
ee4i8isvlpyncgz1odqs,uli/A/A5/tts_dev_thomas_89.wav,1
ee4i8isvlpyncgz1odqs,uli/B/B7/audio98.wav,3
ee4i8isvlpyncgz1odqs,uli/D/D4/olimpiaAI_48.wav,2
ee4i8isvlpyncgz1odqs,uli/E/E2/arf_00610_00174284275.wav,5
ee4i8isvlpyncgz1odqs,uli/C/C8/enrique_15.wav,3
qs8j8yj1w5ilprwml3zr,uli/B/B3/enrique2_64.wav_GL.wav,1
qs8j8yj1w5ilprwml3zr,uli/E/E9/arm_09697_00911111033.wav,4
qs8j8yj1w5ilprwml3zr,uli/C/C3/pedro_7.wav,2
qs8j8yj1w5ilprwml3zr,uli/A/A3/audio2.wav,3
qs8j8yj1w5ilprwml3zr,uli/D/D5/es-BO-MarceloNeural16.wav,1
qs8j8yj1w5ilprwml3zr,uli/A/A1/24.wav,2
qs8j8yj1w5ilprwml3zr,uli/E/E1/arf_00295_00500370856.wav,4
qs8j8yj1w5ilprwml3zr,uli/C/C3/pedro_1.wav,1
qs8j8yj1w5ilprwml3zr,uli/D/D6/es-ES-AlvaroNeural26.wav,2
qs8j8yj1w5ilprwml3zr,uli/B/B9/VTLP_es-ES-ElviraNeural11.wav.wav,1
qs8j8yj1w5ilprwml3zr,uli/C/C3/pedro2_100.wav,3
qs8j8yj1w5ilprwml3zr,uli/E/E2/arf_00610_01819305460.wav,5
qs8j8yj1w5ilprwml3zr,uli/D/D10/lalita_29.wav,2
qs8j8yj1w5ilprwml3zr,uli/B/B9/VTLP_es-ES-ElviraNeural73.wav.wav,1
qs8j8yj1w5ilprwml3zr,uli/A/A4/sabrina_loquendo_30.wav,1
qs8j8yj1w5ilprwml3zr,uli/A/A5/tts_dev_thomas_28.wav,1
qs8j8yj1w5ilprwml3zr,uli/B/B7/audio190.wav,5
qs8j8yj1w5ilprwml3zr,uli/D/D2/m1col_0.wav,3
qs8j8yj1w5ilprwml3zr,uli/E/E6/es-AR-ElenaNeural40.wav,4
qs8j8yj1w5ilprwml3zr,uli/C/C5/albano_55.wav,4
qs8j8yj1w5ilprwml3zr,uli/A/A4/sabrina_loquendo_52.wav,1
qs8j8yj1w5ilprwml3zr,uli/C/C10/mia2_85.wav,1
qs8j8yj1w5ilprwml3zr,uli/D/D6/es-ES-AlvaroNeural20.wav,3
qs8j8yj1w5ilprwml3zr,uli/E/E4/arm_08784_01813910160.wav,5
qs8j8yj1w5ilprwml3zr,uli/B/B3/enrique2_70.wav_GL.wav,2
qs8j8yj1w5ilprwml3zr,uli/C/C7/conchita_31.wav,3
qs8j8yj1w5ilprwml3zr,uli/B/B8/VTLP_es-BO-MarceloNeural81.wav.wav,1
qs8j8yj1w5ilprwml3zr,uli/E/E9/arm_09697_01722492203.wav,5
qs8j8yj1w5ilprwml3zr,uli/D/D7/es-ES-ElviraNeural52.wav,1
qs8j8yj1w5ilprwml3zr,uli/A/A8/7.wav,4
qs8j8yj1w5ilprwml3zr,uli/E/E3/audio_28.wav,4
qs8j8yj1w5ilprwml3zr,uli/A/A3/audio121.wav,2
qs8j8yj1w5ilprwml3zr,uli/B/B7/audio45.wav,4
qs8j8yj1w5ilprwml3zr,uli/C/C10/mia_16.wav,1
qs8j8yj1w5ilprwml3zr,uli/D/D10/lalita_10.wav,1
qs8j8yj1w5ilprwml3zr,uli/C/C9/lupe_0.wav,1
qs8j8yj1w5ilprwml3zr,uli/D/D3/leticia_35.wav,2
qs8j8yj1w5ilprwml3zr,uli/E/E7/es-AR-TomasNeural82.wav,3
qs8j8yj1w5ilprwml3zr,uli/B/B10/VTLP_es-AR-ElenaNeural32.wav.wav,1
qs8j8yj1w5ilprwml3zr,uli/A/A6/148.wav,3
qs8j8yj1w5ilprwml3zr,uli/D/D7/es-ES-ElviraNeural47.wav,1
qs8j8yj1w5ilprwml3zr,uli/B/B8/VTLP_es-BO-MarceloNeural5.wav.wav,2
qs8j8yj1w5ilprwml3zr,uli/C/C5/albano_17.wav,5
qs8j8yj1w5ilprwml3zr,uli/E/E8/es-BO-SofiaNeural32.wav,4
qs8j8yj1w5ilprwml3zr,uli/A/A4/sabrina_loquendo_46.wav,2
k4yipc557y1uklyxj98p4,uli/A/A1/108.wav,1
k4yipc557y1uklyxj98p4,uli/B/B2/audio36.wav,2
k4yipc557y1uklyxj98p4,uli/D/D9/priscilla_69.wav,2
k4yipc557y1uklyxj98p4,uli/E/E6/es-AR-ElenaNeural68.wav,4
k4yipc557y1uklyxj98p4,uli/C/C7/conchita_16.wav,4
k4yipc557y1uklyxj98p4,uli/A/A4/sabrina_loquendo_53.wav,2
k4yipc557y1uklyxj98p4,uli/B/B2/audio142.wav,2
k4yipc557y1uklyxj98p4,uli/E/E9/arm_09697_01005461023.wav,5
k4yipc557y1uklyxj98p4,uli/C/C3/pedro2_71.wav,3
k4yipc557y1uklyxj98p4,uli/D/D8/arm_08784_00139705223.wav_GL.wav,4
k4yipc557y1uklyxj98p4,uli/E/E3/audio_227.wav,5
k4yipc557y1uklyxj98p4,uli/B/B7/audio96.wav,4
k4yipc557y1uklyxj98p4,uli/D/D6/es-ES-AlvaroNeural37.wav,3
k4yipc557y1uklyxj98p4,uli/A/A8/6.wav,3
k4yipc557y1uklyxj98p4,uli/C/C1/penelope_11.wav,1
k4yipc557y1uklyxj98p4,uli/C/C4/fiore_76.wav,2
k4yipc557y1uklyxj98p4,uli/E/E8/es-BO-SofiaNeural82.wav,3
k4yipc557y1uklyxj98p4,uli/A/A4/sabrina_loquendo_4.wav,2
k4yipc557y1uklyxj98p4,uli/D/D7/es-ES-ElviraNeural43.wav,4
k4yipc557y1uklyxj98p4,uli/B/B6/miguel-10.wav,3
k4yipc557y1uklyxj98p4,uli/D/D10/lalita_75.wav,2
k4yipc557y1uklyxj98p4,uli/E/E8/es-BO-SofiaNeural71.wav,3
k4yipc557y1uklyxj98p4,uli/B/B7/audio19.wav,2
k4yipc557y1uklyxj98p4,uli/A/A3/audio111.wav,1
k4yipc557y1uklyxj98p4,uli/C/C5/albano_24.wav,4
k4yipc557y1uklyxj98p4,uli/E/E4/arm_08784_01058192871.wav,5
k4yipc557y1uklyxj98p4,uli/C/C9/lupe2_80.wav,3
k4yipc557y1uklyxj98p4,uli/A/A4/sabrina_loquendo_24.wav,2
k4yipc557y1uklyxj98p4,uli/B/B1/audio40.wav,2
k4yipc557y1uklyxj98p4,uli/D/D8/arm_08784_01521658535.wav_GL.wav,5
k4yipc557y1uklyxj98p4,uli/D/D5/es-BO-MarceloNeural80.wav,3
k4yipc557y1uklyxj98p4,uli/A/A3/audio80.wav,1
k4yipc557y1uklyxj98p4,uli/E/E9/arm_09697_00733910457.wav,5
k4yipc557y1uklyxj98p4,uli/C/C10/mia_32.wav,3
k4yipc557y1uklyxj98p4,uli/B/B7/audio109.wav,2
k4yipc557y1uklyxj98p4,uli/A/A5/tts_dev_thomas_43.wav,2
k4yipc557y1uklyxj98p4,uli/D/D10/lalita_60.wav,3
k4yipc557y1uklyxj98p4,uli/C/C4/fiore_16.wav,4
k4yipc557y1uklyxj98p4,uli/B/B1/audio134.wav,4
k4yipc557y1uklyxj98p4,uli/E/E2/arf_00610_01139982755.wav,5
k4yipc557y1uklyxj98p4,uli/C/C4/fiore_83.wav,2
k4yipc557y1uklyxj98p4,uli/A/A2/70.wav,2
k4yipc557y1uklyxj98p4,uli/B/B2/audio143.wav,2
k4yipc557y1uklyxj98p4,uli/E/E4/arm_08784_01598233491.wav,5
k4yipc557y1uklyxj98p4,uli/D/D9/priscilla_17.wav,3
k4yipc557y1uklyxj98p4,uli/D/D9/priscilla_57.wav,4
k4yipc557y1uklyxj98p4,uli/C/C1/penelope2_69.wav,3
k4yipc557y1uklyxj98p4,uli/E/E2/arf_00610_00705234264.wav,5
k4yipc557y1uklyxj98p4,uli/A/A4/sabrina_loquendo_45.wav,2
k4yipc557y1uklyxj98p4,uli/B/B9/VTLP_es-ES-ElviraNeural27.wav.wav,1
206p58uyu9nk2vq5pzue1,uli/B/B2/audio132.wav,2
206p58uyu9nk2vq5pzue1,uli/E/E7/es-AR-TomasNeural5.wav,1
206p58uyu9nk2vq5pzue1,uli/C/C6/olimpia_2.wav,1
206p58uyu9nk2vq5pzue1,uli/D/D4/Olimpia9-19.wav,1
206p58uyu9nk2vq5pzue1,uli/A/A5/tts_dev_thomas_54.wav,1
206p58uyu9nk2vq5pzue1,uli/C/C3/pedro2_60.wav,1
206p58uyu9nk2vq5pzue1,uli/D/D4/olimpiaAI_33.wav,1
206p58uyu9nk2vq5pzue1,uli/E/E5/arm_00610_00944096074.wav,4
206p58uyu9nk2vq5pzue1,uli/A/A4/sabrina_loquendo_41.wav,1
206p58uyu9nk2vq5pzue1,uli/B/B3/enrique2_97.wav_GL.wav,1
206p58uyu9nk2vq5pzue1,uli/C/C2/fiona_40.wav,1
206p58uyu9nk2vq5pzue1,uli/E/E2/arf_00610_00348141774.wav,5
206p58uyu9nk2vq5pzue1,uli/D/D3/leticia_81.wav,1
206p58uyu9nk2vq5pzue1,uli/B/B3/enrique_36.wav_GL.wav,1
206p58uyu9nk2vq5pzue1,uli/A/A3/audio120.wav,1
206p58uyu9nk2vq5pzue1,uli/B/B1/audio137.wav,1
206p58uyu9nk2vq5pzue1,uli/A/A5/tts_dev_thomas_80.wav,1
206p58uyu9nk2vq5pzue1,uli/D/D8/arm_08784_00985959891.wav_GL.wav,2
206p58uyu9nk2vq5pzue1,uli/E/E8/es-BO-SofiaNeural47.wav,1
206p58uyu9nk2vq5pzue1,uli/C/C2/fiona_27.wav,1
206p58uyu9nk2vq5pzue1,uli/B/B1/audio61.wav,1
206p58uyu9nk2vq5pzue1,uli/D/D2/m1per_7.wav,1
206p58uyu9nk2vq5pzue1,uli/A/A5/tts_dev_thomas_0.wav,1
206p58uyu9nk2vq5pzue1,uli/C/C8/enrique2_62.wav,1
206p58uyu9nk2vq5pzue1,uli/E/E3/audio_185.wav,2
206p58uyu9nk2vq5pzue1,uli/B/B7/audio72.wav,2
206p58uyu9nk2vq5pzue1,uli/D/D1/f1pr_5.wav,1
206p58uyu9nk2vq5pzue1,uli/A/A1/10.wav,1
206p58uyu9nk2vq5pzue1,uli/C/C6/olimpia_51.wav,1
206p58uyu9nk2vq5pzue1,uli/E/E9/arm_09697_01846110677.wav,4
206p58uyu9nk2vq5pzue1,uli/E/E4/arm_08784_00603676786.wav,2
206p58uyu9nk2vq5pzue1,uli/D/D2/m1chi_4.wav,1
206p58uyu9nk2vq5pzue1,uli/B/B6/miguel-43.wav,1
206p58uyu9nk2vq5pzue1,uli/C/C4/fiore_14.wav,1
206p58uyu9nk2vq5pzue1,uli/A/A6/116.wav,1
206p58uyu9nk2vq5pzue1,uli/B/B2/audio82.wav,1
206p58uyu9nk2vq5pzue1,uli/D/D5/es-BO-MarceloNeural60.wav,1
206p58uyu9nk2vq5pzue1,uli/A/A4/sabrina_loquendo_90.wav,1
206p58uyu9nk2vq5pzue1,uli/E/E3/audio_296.wav,4
206p58uyu9nk2vq5pzue1,uli/C/C10/mia2_89.wav,1
206p58uyu9nk2vq5pzue1,uli/D/D1/f2arg_8.wav,2
206p58uyu9nk2vq5pzue1,uli/A/A6/92.wav,2
206p58uyu9nk2vq5pzue1,uli/B/B2/audio137.wav,2
206p58uyu9nk2vq5pzue1,uli/E/E8/es-BO-SofiaNeural7.wav,1
206p58uyu9nk2vq5pzue1,uli/C/C4/fiore_59.wav,1
r8o2ms5swtmufwnw27wiah,uli/E/E2/arf_00610_01509182660.wav,5
r8o2ms5swtmufwnw27wiah,uli/D/D3/leticia_42.wav,2
r8o2ms5swtmufwnw27wiah,uli/C/C5/albano_48.wav,2
r8o2ms5swtmufwnw27wiah,uli/A/A2/1.wav,3
r8o2ms5swtmufwnw27wiah,uli/B/B9/VTLP_es-ES-ElviraNeural60.wav.wav,1
r8o2ms5swtmufwnw27wiah,uli/E/E6/es-AR-ElenaNeural63.wav,3
r8o2ms5swtmufwnw27wiah,uli/D/D3/leticia_52.wav,3
r8o2ms5swtmufwnw27wiah,uli/B/B9/VTLP_es-ES-ElviraNeural1.wav.wav,1
r8o2ms5swtmufwnw27wiah,uli/A/A1/79.wav,3
r8o2ms5swtmufwnw27wiah,uli/C/C1/penelope2_88.wav,2
r8o2ms5swtmufwnw27wiah,uli/C/C8/enrique_48.wav,2
r8o2ms5swtmufwnw27wiah,uli/E/E1/arf_00295_01498418598.wav,5
r8o2ms5swtmufwnw27wiah,uli/D/D4/Olimpia9-03.wav,1
r8o2ms5swtmufwnw27wiah,uli/A/A4/sabrina_loquendo_78.wav,1
r8o2ms5swtmufwnw27wiah,uli/B/B7/audio120.wav,2
r8o2ms5swtmufwnw27wiah,uli/B/B8/VTLP_es-BO-MarceloNeural59.wav.wav,2
r8o2ms5swtmufwnw27wiah,uli/E/E5/arm_00610_00629655854.wav,5
r8o2ms5swtmufwnw27wiah,uli/C/C6/olimpia_52.wav,1
r8o2ms5swtmufwnw27wiah,uli/D/D10/lalita_26.wav,2
r8o2ms5swtmufwnw27wiah,uli/A/A4/sabrina_loquendo_71.wav,2
r8o2ms5swtmufwnw27wiah,uli/E/E3/audio_299.wav,4
r8o2ms5swtmufwnw27wiah,uli/A/A2/16.wav,3
r8o2ms5swtmufwnw27wiah,uli/B/B7/audio40.wav,1
r8o2ms5swtmufwnw27wiah,uli/C/C1/penelope_4.wav,1
r8o2ms5swtmufwnw27wiah,uli/D/D2/m1col_3.wav,1
r8o2ms5swtmufwnw27wiah,uli/C/C9/lupe2_58.wav,3
r8o2ms5swtmufwnw27wiah,uli/A/A3/audio195.wav,1
r8o2ms5swtmufwnw27wiah,uli/E/E5/arm_00610_01069534957.wav,5
r8o2ms5swtmufwnw27wiah,uli/B/B2/audio111.wav,1
r8o2ms5swtmufwnw27wiah,uli/D/D9/priscilla_1.wav,2
r8o2ms5swtmufwnw27wiah,uli/A/A4/sabrina_loquendo_25.wav,2
r8o2ms5swtmufwnw27wiah,uli/C/C6/olimpia_1.wav,3
r8o2ms5swtmufwnw27wiah,uli/B/B1/audio188.wav,1
r8o2ms5swtmufwnw27wiah,uli/D/D5/es-BO-MarceloNeural91.wav,3
r8o2ms5swtmufwnw27wiah,uli/E/E5/arm_00610_01847362465.wav,5
r8o2ms5swtmufwnw27wiah,uli/A/A7/154.wav,2
r8o2ms5swtmufwnw27wiah,uli/C/C1/penelope_13.wav,3
r8o2ms5swtmufwnw27wiah,uli/E/E2/arf_00610_00513915303.wav,5
r8o2ms5swtmufwnw27wiah,uli/B/B3/enrique_20.wav_GL.wav,2
r8o2ms5swtmufwnw27wiah,uli/D/D9/priscilla_51.wav,2
r8o2ms5swtmufwnw27wiah,uli/B/B3/enrique_45.wav_GL.wav,2
r8o2ms5swtmufwnw27wiah,uli/A/A3/audio70.wav,1
r8o2ms5swtmufwnw27wiah,uli/D/D5/es-BO-MarceloNeural96.wav,3
r8o2ms5swtmufwnw27wiah,uli/E/E1/arf_00295_01873863615.wav,5
r8o2ms5swtmufwnw27wiah,uli/C/C8/enrique2_57.wav,3
iwaqiwf7086hwu3jlrcvh,uli/A/A4/sabrina_loquendo_69.wav,1
iwaqiwf7086hwu3jlrcvh,uli/E/E8/es-BO-SofiaNeural34.wav,2
iwaqiwf7086hwu3jlrcvh,uli/C/C8/enrique_23.wav,4
iwaqiwf7086hwu3jlrcvh,uli/D/D6/es-ES-AlvaroNeural82.wav,1
iwaqiwf7086hwu3jlrcvh,uli/B/B2/audio165.wav,3
iwaqiwf7086hwu3jlrcvh,uli/B/B7/audio164.wav,3
iwaqiwf7086hwu3jlrcvh,uli/D/D7/es-ES-ElviraNeural91.wav,2
iwaqiwf7086hwu3jlrcvh,uli/A/A3/audio196.wav,5
iwaqiwf7086hwu3jlrcvh,uli/C/C5/albano_0.wav,1
iwaqiwf7086hwu3jlrcvh,uli/E/E2/arf_00610_00727257612.wav,5
iwaqiwf7086hwu3jlrcvh,uli/B/B9/VTLP_es-ES-ElviraNeural23.wav.wav,1
iwaqiwf7086hwu3jlrcvh,uli/A/A1/20.wav,3
iwaqiwf7086hwu3jlrcvh,uli/E/E10/es-MX-JorgeNeural12.wav,2
iwaqiwf7086hwu3jlrcvh,uli/C/C8/enrique_6.wav,2
iwaqiwf7086hwu3jlrcvh,uli/D/D7/es-ES-ElviraNeural89.wav,2
cygru7b0m97zh2lg5og05,uli/D/D8/arm_08784_01248032964.wav_GL.wav,4
cygru7b0m97zh2lg5og05,uli/B/B7/audio16.wav,3
cygru7b0m97zh2lg5og05,uli/C/C1/penelope2_63.wav,1
cygru7b0m97zh2lg5og05,uli/E/E3/audio_134.wav,5
cygru7b0m97zh2lg5og05,uli/A/A1/18.wav,2
cygru7b0m97zh2lg5og05,uli/D/D4/olimpiaAI_35.wav,2
cygru7b0m97zh2lg5og05,uli/E/E4/arm_08784_01845380649.wav,4
cygru7b0m97zh2lg5og05,uli/B/B10/VTLP_es-AR-ElenaNeural23.wav.wav,3
cygru7b0m97zh2lg5og05,uli/A/A7/140.wav,3
cygru7b0m97zh2lg5og05,uli/C/C7/conchita2_97.wav,1
cygru7b0m97zh2lg5og05,uli/E/E2/arf_00610_00439871316.wav,5
cygru7b0m97zh2lg5og05,uli/B/B1/audio27.wav,2
cygru7b0m97zh2lg5og05,uli/A/A2/64.wav,1
cygru7b0m97zh2lg5og05,uli/D/D3/leticia_12.wav,4
cygru7b0m97zh2lg5og05,uli/C/C10/mia2_77.wav,3
cygru7b0m97zh2lg5og05,uli/E/E6/es-AR-ElenaNeural23.wav,4
cygru7b0m97zh2lg5og05,uli/B/B7/audio55.wav,3
cygru7b0m97zh2lg5og05,uli/C/C10/mia2_59.wav,2
cygru7b0m97zh2lg5og05,uli/A/A1/56.wav,2
cygru7b0m97zh2lg5og05,uli/D/D10/lalita_87.wav,1
cygru7b0m97zh2lg5og05,uli/D/D2/m1arg_3.wav,1
cygru7b0m97zh2lg5og05,uli/C/C10/mia_28.wav,2
cygru7b0m97zh2lg5og05,uli/E/E4/arm_08784_00986282467.wav,5
cygru7b0m97zh2lg5og05,uli/A/A6/190.wav,2
cygru7b0m97zh2lg5og05,uli/B/B1/audio171.wav,2
cygru7b0m97zh2lg5og05,uli/C/C8/enrique2_74.wav,1
cygru7b0m97zh2lg5og05,uli/D/D8/arm_08784_01775095762.wav_GL.wav,4
cygru7b0m97zh2lg5og05,uli/E/E4/arm_08784_01797514024.wav,5
cygru7b0m97zh2lg5og05,uli/B/B1/audio136.wav,1
cygru7b0m97zh2lg5og05,uli/A/A3/audio112.wav,3
iwaqiwf7086hwu3jlrcvh,uli/A/A1/50.wav,4
iwaqiwf7086hwu3jlrcvh,uli/D/D4/olimpiaAI_37.wav,1
iwaqiwf7086hwu3jlrcvh,uli/E/E3/audio_4.wav,5
iwaqiwf7086hwu3jlrcvh,uli/B/B9/VTLP_es-ES-ElviraNeural65.wav.wav,1
iwaqiwf7086hwu3jlrcvh,uli/C/C8/enrique_28.wav,2
cygru7b0m97zh2lg5og05,uli/C/C3/pedro2_56.wav,1
cygru7b0m97zh2lg5og05,uli/A/A2/99.wav,2
cygru7b0m97zh2lg5og05,uli/B/B7/audio186.wav,5
cygru7b0m97zh2lg5og05,uli/E/E7/es-AR-TomasNeural13.wav,2
cygru7b0m97zh2lg5og05,uli/D/D4/olimpiaAI_76.wav,2
iwaqiwf7086hwu3jlrcvh,uli/D/D2/m1col_5.wav,1
iwaqiwf7086hwu3jlrcvh,uli/A/A7/90.wav,2
iwaqiwf7086hwu3jlrcvh,uli/C/C10/mia2_69.wav,2
iwaqiwf7086hwu3jlrcvh,uli/B/B10/VTLP_es-AR-TomasNeural16.wav.wav,1
iwaqiwf7086hwu3jlrcvh,uli/E/E2/arf_00610_00503334717.wav,5
cygru7b0m97zh2lg5og05,uli/E/E1/arf_00295_01349969200.wav,5
cygru7b0m97zh2lg5og05,uli/A/A7/134.wav,2
cygru7b0m97zh2lg5og05,uli/D/D7/es-ES-ElviraNeural70.wav,1
cygru7b0m97zh2lg5og05,uli/C/C1/penelope2_95.wav,1
cygru7b0m97zh2lg5og05,uli/B/B10/VTLP_es-AR-TomasNeural24.wav.wav,2
iwaqiwf7086hwu3jlrcvh,uli/C/C5/albano_20.wav,2
iwaqiwf7086hwu3jlrcvh,uli/A/A4/sabrina_loquendo_43.wav,1
iwaqiwf7086hwu3jlrcvh,uli/B/B2/audio14.wav,2
iwaqiwf7086hwu3jlrcvh,uli/D/D5/es-BO-MarceloNeural72.wav,2
iwaqiwf7086hwu3jlrcvh,uli/E/E10/es-MX-JorgeNeural20.wav,1
cygru7b0m97zh2lg5og05,uli/A/A3/audio86.wav,2
cygru7b0m97zh2lg5og05,uli/E/E9/arm_09697_00710447859.wav,5
cygru7b0m97zh2lg5og05,uli/D/D3/Leticia9-14.wav,2
cygru7b0m97zh2lg5og05,uli/B/B8/VTLP_es-BO-MarceloNeural86.wav.wav,3
cygru7b0m97zh2lg5og05,uli/C/C1/penelope2.mp3,1
iwaqiwf7086hwu3jlrcvh,uli/A/A3/audio141.wav,5
iwaqiwf7086hwu3jlrcvh,uli/B/B2/audio175.wav,2
iwaqiwf7086hwu3jlrcvh,uli/D/D3/leticia_62.wav,2
iwaqiwf7086hwu3jlrcvh,uli/E/E8/es-BO-SofiaNeural95.wav,3
iwaqiwf7086hwu3jlrcvh,uli/C/C7/conchita2_73.wav,2
iwaqiwf7086hwu3jlrcvh,uli/E/E8/es-BO-SofiaNeural3.wav,2
iwaqiwf7086hwu3jlrcvh,uli/B/B8/VTLP_es-BO-MarceloNeural64.wav.wav,1
iwaqiwf7086hwu3jlrcvh,uli/A/A5/tts_dev_thomas_52.wav,2
iwaqiwf7086hwu3jlrcvh,uli/C/C7/conchita_27.wav,1
iwaqiwf7086hwu3jlrcvh,uli/D/D4/olimpiaAI_46.wav,2
gjuhi5xh19bytuxd7u4j,uli/D/D8/arm_08784_00955446391.wav_GL.wav,5
gjuhi5xh19bytuxd7u4j,uli/E/E1/arf_00295_01259129668.wav,5
gjuhi5xh19bytuxd7u4j,uli/C/C2/fiona_17.wav,1
gjuhi5xh19bytuxd7u4j,uli/A/A4/sabrina_loquendo_14.wav,1
gjuhi5xh19bytuxd7u4j,uli/B/B7/audio145.wav,5
gjuhi5xh19bytuxd7u4j,uli/B/B10/VTLP_es-AR-TomasNeural20.wav.wav,4
gjuhi5xh19bytuxd7u4j,uli/A/A2/24.wav,4
gjuhi5xh19bytuxd7u4j,uli/D/D5/es-BO-MarceloNeural94.wav,4
gjuhi5xh19bytuxd7u4j,uli/E/E9/arm_09697_00394133086.wav,5
gjuhi5xh19bytuxd7u4j,uli/C/C8/enrique2_60.wav,4
gjuhi5xh19bytuxd7u4j,uli/A/A3/audio64.wav,4
gjuhi5xh19bytuxd7u4j,uli/D/D1/f1ven_2.wav,3
gjuhi5xh19bytuxd7u4j,uli/B/B9/VTLP_es-ES-ElviraNeural62.wav.wav,1
gjuhi5xh19bytuxd7u4j,uli/E/E3/audio_252.wav,3
gjuhi5xh19bytuxd7u4j,uli/C/C10/mia_24.wav,1
gjuhi5xh19bytuxd7u4j,uli/C/C8/enrique2_73.wav,4
gjuhi5xh19bytuxd7u4j,uli/D/D4/olimpiaAI_20.wav,3
gjuhi5xh19bytuxd7u4j,uli/B/B3/enrique2_83.wav_GL.wav,4
gjuhi5xh19bytuxd7u4j,uli/A/A1/43.wav,4
gjuhi5xh19bytuxd7u4j,uli/E/E9/arm_09697_00857352105.wav,5
gjuhi5xh19bytuxd7u4j,uli/A/A1/57.wav,3
gjuhi5xh19bytuxd7u4j,uli/B/B2/audio170.wav,4
gjuhi5xh19bytuxd7u4j,uli/C/C3/pedro_40.wav,3
gjuhi5xh19bytuxd7u4j,uli/D/D9/priscilla_4.wav,1
gjuhi5xh19bytuxd7u4j,uli/E/E7/es-AR-TomasNeural0.wav,3
gjuhi5xh19bytuxd7u4j,uli/C/C2/fiona_20.wav,2
gjuhi5xh19bytuxd7u4j,uli/A/A3/audio167.wav,5
gjuhi5xh19bytuxd7u4j,uli/E/E1/arf_00295_00191941175.wav,5
gjuhi5xh19bytuxd7u4j,uli/B/B7/audio189.wav,5
gjuhi5xh19bytuxd7u4j,uli/D/D10/lalita_37.wav,1
gjuhi5xh19bytuxd7u4j,uli/A/A5/tts_dev_thomas_55.wav,1
gjuhi5xh19bytuxd7u4j,uli/E/E1/arf_00295_01931061002.wav,5
gjuhi5xh19bytuxd7u4j,uli/C/C6/olimpia_23.wav,1
gjuhi5xh19bytuxd7u4j,uli/B/B7/audio133.wav,2
gjuhi5xh19bytuxd7u4j,uli/D/D10/lalita_51.wav,1
gjuhi5xh19bytuxd7u4j,uli/B/B8/VTLP_es-BO-MarceloNeural66.wav.wav,4
gjuhi5xh19bytuxd7u4j,uli/A/A2/65.wav,5
gjuhi5xh19bytuxd7u4j,uli/D/D9/priscilla_16.wav,1
gjuhi5xh19bytuxd7u4j,uli/E/E2/arf_00610_01304196005.wav,5
gjuhi5xh19bytuxd7u4j,uli/C/C10/mia_26.wav,2
gjuhi5xh19bytuxd7u4j,uli/D/D8/arm_08784_00258904446.wav_GL.wav,5
gjuhi5xh19bytuxd7u4j,uli/E/E4/arm_08784_01507830010.wav,5
gjuhi5xh19bytuxd7u4j,uli/C/C1/penelope_23.wav,2
gjuhi5xh19bytuxd7u4j,uli/B/B3/enrique_44.wav_GL.wav,3
gjuhi5xh19bytuxd7u4j,uli/A/A1/105.wav,4
73syy4aj18k6olr11ypxl,uli/A/A7/136.wav,1
73syy4aj18k6olr11ypxl,uli/B/B10/VTLP_es-AR-ElenaNeural0.wav.wav,2
73syy4aj18k6olr11ypxl,uli/E/E2/arf_00610_02055158675.wav,4
73syy4aj18k6olr11ypxl,uli/D/D4/olimpiaAI_2.wav,1
73syy4aj18k6olr11ypxl,uli/C/C1/penelope2_58.wav,3
73syy4aj18k6olr11ypxl,uli/D/D8/arm_08784_01803405618.wav_GL.wav,4
73syy4aj18k6olr11ypxl,uli/C/C7/conchita_33.wav,4
73syy4aj18k6olr11ypxl,uli/B/B1/audio101.wav,4
73syy4aj18k6olr11ypxl,uli/E/E9/arm_09697_01939384055.wav,5
73syy4aj18k6olr11ypxl,uli/A/A5/tts_dev_thomas_37.wav,1
73syy4aj18k6olr11ypxl,uli/A/A6/179.wav,4
73syy4aj18k6olr11ypxl,uli/C/C2/fiona_15.wav,1
73syy4aj18k6olr11ypxl,uli/E/E1/arf_00295_00609175909.wav,5
73syy4aj18k6olr11ypxl,uli/B/B2/audio108.wav,4
73syy4aj18k6olr11ypxl,uli/D/D2/m1ven_8.wav,2
73syy4aj18k6olr11ypxl,uli/C/C9/lupe2_52.wav,2
73syy4aj18k6olr11ypxl,uli/E/E10/es-MX-JorgeNeural49.wav,4
73syy4aj18k6olr11ypxl,uli/A/A2/94.wav,1
73syy4aj18k6olr11ypxl,uli/B/B2/audio45.wav,3
73syy4aj18k6olr11ypxl,uli/D/D6/es-ES-AlvaroNeural46.wav,3
73syy4aj18k6olr11ypxl,uli/C/C2/fiona_14.wav,2
73syy4aj18k6olr11ypxl,uli/A/A3/audio91.wav,2
73syy4aj18k6olr11ypxl,uli/E/E1/arf_00295_00124481998.wav,5
73syy4aj18k6olr11ypxl,uli/D/D9/priscilla_54.wav,2
73syy4aj18k6olr11ypxl,uli/B/B7/audio49.wav,4
73syy4aj18k6olr11ypxl,uli/C/C7/conchita2_74.wav,1
73syy4aj18k6olr11ypxl,uli/D/D9/priscilla_14.wav,3
73syy4aj18k6olr11ypxl,uli/B/B2/audio198.wav,4
73syy4aj18k6olr11ypxl,uli/A/A3/audio140.wav,2
73syy4aj18k6olr11ypxl,uli/E/E9/arm_09697_01317754743.wav,5
73syy4aj18k6olr11ypxl,uli/A/A4/sabrina_loquendo_94.wav,1
73syy4aj18k6olr11ypxl,uli/E/E6/es-AR-ElenaNeural9.wav,4
73syy4aj18k6olr11ypxl,uli/B/B2/audio95.wav,3
73syy4aj18k6olr11ypxl,uli/C/C2/fiona2_60.wav,2
73syy4aj18k6olr11ypxl,uli/D/D2/m2arg_7.wav,2
73syy4aj18k6olr11ypxl,uli/E/E2/arf_00610_00111995270.wav,4
73syy4aj18k6olr11ypxl,uli/B/B7/audio105.wav,2
73syy4aj18k6olr11ypxl,uli/C/C1/penelope2_93.wav,1
73syy4aj18k6olr11ypxl,uli/A/A7/126.wav,2
73syy4aj18k6olr11ypxl,uli/D/D8/arm_08784_00275140832.wav_GL.wav,3
73syy4aj18k6olr11ypxl,uli/D/D4/olimpiaAI_66.wav,2
73syy4aj18k6olr11ypxl,uli/E/E4/arm_08784_01639218665.wav,5
73syy4aj18k6olr11ypxl,uli/B/B10/VTLP_es-AR-ElenaNeural24.wav.wav,1
73syy4aj18k6olr11ypxl,uli/C/C9/lupe_39.wav,1
73syy4aj18k6olr11ypxl,uli/A/A2/54.wav,2
91107h7ny06qnvf2wsv1p,uli/D/D10/lalita_16.wav,1
91107h7ny06qnvf2wsv1p,uli/B/B7/audio108.wav,4
91107h7ny06qnvf2wsv1p,uli/A/A3/audio68.wav,3
91107h7ny06qnvf2wsv1p,uli/C/C1/penelope_42.wav,2
91107h7ny06qnvf2wsv1p,uli/E/E3/audio_157.wav,5
91107h7ny06qnvf2wsv1p,uli/D/D5/es-BO-MarceloNeural56.wav,1
91107h7ny06qnvf2wsv1p,uli/B/B10/VTLP_es-AR-ElenaNeural43.wav.wav,3
91107h7ny06qnvf2wsv1p,uli/C/C2/fiona2_69.wav,1
91107h7ny06qnvf2wsv1p,uli/E/E1/arf_00295_01889037142.wav,5
91107h7ny06qnvf2wsv1p,uli/A/A7/98.wav,4
91107h7ny06qnvf2wsv1p,uli/E/E1/arf_00295_01739192284.wav,5
91107h7ny06qnvf2wsv1p,uli/B/B6/miguel-50.wav,1
91107h7ny06qnvf2wsv1p,uli/C/C7/conchita2_71.wav,1
91107h7ny06qnvf2wsv1p,uli/D/D9/priscilla_39.wav,1
91107h7ny06qnvf2wsv1p,uli/A/A3/audio75.wav,3
91107h7ny06qnvf2wsv1p,uli/A/A3/audio129.wav,4
91107h7ny06qnvf2wsv1p,uli/B/B1/audio162.wav,3
91107h7ny06qnvf2wsv1p,uli/D/D1/f1per_1.wav,4
91107h7ny06qnvf2wsv1p,uli/E/E6/es-AR-ElenaNeural10.wav,2
91107h7ny06qnvf2wsv1p,uli/C/C7/conchita2_55.wav,1
91107h7ny06qnvf2wsv1p,uli/B/B7/audio166.wav,4
91107h7ny06qnvf2wsv1p,uli/C/C9/lupe_1.wav,3
91107h7ny06qnvf2wsv1p,uli/A/A5/tts_dev_thomas_10.wav,1
91107h7ny06qnvf2wsv1p,uli/D/D10/lalita_71.wav,2
91107h7ny06qnvf2wsv1p,uli/E/E6/es-AR-ElenaNeural0.wav,5
91107h7ny06qnvf2wsv1p,uli/A/A2/21.wav,4
91107h7ny06qnvf2wsv1p,uli/B/B7/audio144.wav,3
91107h7ny06qnvf2wsv1p,uli/E/E5/arm_00610_01297209155.wav,5
91107h7ny06qnvf2wsv1p,uli/C/C9/lupe2_71.wav,1
91107h7ny06qnvf2wsv1p,uli/D/D5/es-BO-MarceloNeural42.wav,1
91107h7ny06qnvf2wsv1p,uli/D/D8/arm_08784_00019615132.wav_GL.wav,5
91107h7ny06qnvf2wsv1p,uli/C/C3/pedro_17.wav,5
91107h7ny06qnvf2wsv1p,uli/A/A3/audio57.wav,4
91107h7ny06qnvf2wsv1p,uli/E/E10/es-MX-JorgeNeural41.wav,2
91107h7ny06qnvf2wsv1p,uli/B/B1/audio87.wav,3
91107h7ny06qnvf2wsv1p,uli/A/A4/sabrina_loquendo_6.wav,1
91107h7ny06qnvf2wsv1p,uli/E/E3/audio_12.wav,4
91107h7ny06qnvf2wsv1p,uli/B/B10/VTLP_es-AR-TomasNeural29.wav.wav,3
91107h7ny06qnvf2wsv1p,uli/D/D2/m1chi_6.wav,4
91107h7ny06qnvf2wsv1p,uli/C/C6/olimpia_50.wav,1
91107h7ny06qnvf2wsv1p,uli/E/E5/arm_00610_00881035807.wav,5
91107h7ny06qnvf2wsv1p,uli/D/D10/lalita_1.wav,2
91107h7ny06qnvf2wsv1p,uli/B/B4/10.wav,1
91107h7ny06qnvf2wsv1p,uli/C/C5/albano_84.wav,4
91107h7ny06qnvf2wsv1p,uli/A/A3/audio62.wav,4
91107h7ny06qnvf2wsv1p,uli/E/E7/es-AR-TomasNeural2.wav,3
91107h7ny06qnvf2wsv1p,uli/B/B2/audio191.wav,4
91107h7ny06qnvf2wsv1p,uli/D/D1/f1arg_9.wav,4
91107h7ny06qnvf2wsv1p,uli/A/A4/sabrina_loquendo_75.wav,1
91107h7ny06qnvf2wsv1p,uli/C/C4/fiore_80.wav,1
eflnh6b2i1rrh5nbeihqq,uli/D/D8/arm_08784_01272051532.wav_GL.wav,3
eflnh6b2i1rrh5nbeihqq,uli/E/E7/es-AR-TomasNeural4.wav,4
eflnh6b2i1rrh5nbeihqq,uli/C/C9/lupe_48.wav,2
eflnh6b2i1rrh5nbeihqq,uli/A/A3/audio77.wav,2
eflnh6b2i1rrh5nbeihqq,uli/B/B10/VTLP_es-AR-ElenaNeural36.wav.wav,1
eflnh6b2i1rrh5nbeihqq,uli/A/A2/31.wav,1
eflnh6b2i1rrh5nbeihqq,uli/C/C6/olimpia_81.wav,2
eflnh6b2i1rrh5nbeihqq,uli/B/B1/audio131.wav,3
eflnh6b2i1rrh5nbeihqq,uli/D/D2/m2arg_0.wav,3
eflnh6b2i1rrh5nbeihqq,uli/E/E9/arm_09697_02055894109.wav,5
eflnh6b2i1rrh5nbeihqq,uli/D/D10/lalita_73.wav,2
eflnh6b2i1rrh5nbeihqq,uli/B/B7/audio157.wav,3
eflnh6b2i1rrh5nbeihqq,uli/C/C7/conchita_45.wav,2
eflnh6b2i1rrh5nbeihqq,uli/E/E8/es-BO-SofiaNeural42.wav,3
eflnh6b2i1rrh5nbeihqq,uli/A/A6/135.wav,3
27o0tqrm38o6wjtgaiqzy7,uli/E/E10/es-MX-JorgeNeural32.wav,5
27o0tqrm38o6wjtgaiqzy7,uli/A/A5/tts_dev_thomas_57.wav,1
27o0tqrm38o6wjtgaiqzy7,uli/D/D6/es-ES-AlvaroNeural21.wav,4
27o0tqrm38o6wjtgaiqzy7,uli/C/C9/lupe2_74.wav,3
27o0tqrm38o6wjtgaiqzy7,uli/B/B7/audio5.wav,4
eflnh6b2i1rrh5nbeihqq,uli/C/C3/pedro2_88.wav,3
eflnh6b2i1rrh5nbeihqq,uli/D/D6/es-ES-AlvaroNeural17.wav,3
eflnh6b2i1rrh5nbeihqq,uli/A/A2/35.wav,2
eflnh6b2i1rrh5nbeihqq,uli/B/B8/VTLP_es-BO-MarceloNeural31.wav.wav,2
eflnh6b2i1rrh5nbeihqq,uli/E/E4/arm_08784_00101017166.wav,5
27o0tqrm38o6wjtgaiqzy7,uli/D/D5/es-BO-MarceloNeural21.wav,4
27o0tqrm38o6wjtgaiqzy7,uli/A/A6/158.wav,5
27o0tqrm38o6wjtgaiqzy7,uli/B/B7/audio102.wav,3
27o0tqrm38o6wjtgaiqzy7,uli/E/E2/arf_00610_01085113738.wav,5
27o0tqrm38o6wjtgaiqzy7,uli/C/C8/enrique2_97.wav,3
eflnh6b2i1rrh5nbeihqq,uli/A/A3/audio22.wav,2
eflnh6b2i1rrh5nbeihqq,uli/E/E2/arf_00610_02090134287.wav,5
eflnh6b2i1rrh5nbeihqq,uli/C/C9/lupe2_97.wav,3
eflnh6b2i1rrh5nbeihqq,uli/D/D8/arm_08784_01305384354.wav_GL.wav,4
eflnh6b2i1rrh5nbeihqq,uli/B/B10/VTLP_es-AR-ElenaNeural1.wav.wav,2
eflnh6b2i1rrh5nbeihqq,uli/D/D6/es-ES-AlvaroNeural89.wav,3
eflnh6b2i1rrh5nbeihqq,uli/C/C6/olimpia_41.wav,4
eflnh6b2i1rrh5nbeihqq,uli/A/A5/tts_dev_thomas_93.wav,3
eflnh6b2i1rrh5nbeihqq,uli/B/B1/audio168.wav,3
eflnh6b2i1rrh5nbeihqq,uli/E/E5/arm_00610_01375203669.wav,5
eflnh6b2i1rrh5nbeihqq,uli/D/D2/m1pr_4.wav,2
eflnh6b2i1rrh5nbeihqq,uli/C/C1/penelope_18.wav,2
eflnh6b2i1rrh5nbeihqq,uli/A/A4/sabrina_loquendo_8.wav,4
eflnh6b2i1rrh5nbeihqq,uli/E/E5/arm_00610_01573868409.wav,5
eflnh6b2i1rrh5nbeihqq,uli/B/B8/VTLP_es-BO-MarceloNeural56.wav.wav,1
27o0tqrm38o6wjtgaiqzy7,uli/D/D8/arm_08784_00664914045.wav_GL.wav,4
27o0tqrm38o6wjtgaiqzy7,uli/A/A1/102.wav,1
27o0tqrm38o6wjtgaiqzy7,uli/E/E5/arm_00610_01244106901.wav,5
27o0tqrm38o6wjtgaiqzy7,uli/C/C7/conchita_21.wav,2
27o0tqrm38o6wjtgaiqzy7,uli/B/B10/VTLP_es-AR-ElenaNeural17.wav.wav,5
eflnh6b2i1rrh5nbeihqq,uli/E/E7/es-AR-TomasNeural94.wav,3
eflnh6b2i1rrh5nbeihqq,uli/D/D10/lalita_72.wav,2
eflnh6b2i1rrh5nbeihqq,uli/B/B9/VTLP_es-ES-ElviraNeural10.wav.wav,1
eflnh6b2i1rrh5nbeihqq,uli/A/A1/65.wav,2
eflnh6b2i1rrh5nbeihqq,uli/C/C2/fiona_26.wav,4
eflnh6b2i1rrh5nbeihqq,uli/C/C1/penelope2_74.wav,3
eflnh6b2i1rrh5nbeihqq,uli/E/E1/arf_00295_01755168214.wav,5
eflnh6b2i1rrh5nbeihqq,uli/D/D8/arm_08784_00097976014.wav_GL.wav,4
eflnh6b2i1rrh5nbeihqq,uli/B/B1/audio127.wav,2
eflnh6b2i1rrh5nbeihqq,uli/A/A6/125.wav,3
27o0tqrm38o6wjtgaiqzy7,uli/B/B2/audio29.wav,3
27o0tqrm38o6wjtgaiqzy7,uli/D/D9/priscilla_0.wav,2
27o0tqrm38o6wjtgaiqzy7,uli/A/A2/13.wav,3
27o0tqrm38o6wjtgaiqzy7,uli/C/C8/enrique2_79.wav,2
27o0tqrm38o6wjtgaiqzy7,uli/E/E1/arf_00295_00123410324.wav,5
27o0tqrm38o6wjtgaiqzy7,uli/B/B2/audio87.wav,1
27o0tqrm38o6wjtgaiqzy7,uli/C/C3/pedro2_89.wav,2
27o0tqrm38o6wjtgaiqzy7,uli/A/A3/audio9.wav,4
27o0tqrm38o6wjtgaiqzy7,uli/E/E5/arm_00610_01902615510.wav,5
27o0tqrm38o6wjtgaiqzy7,uli/D/D2/m1per_2.wav,2
27o0tqrm38o6wjtgaiqzy7,uli/E/E6/es-AR-ElenaNeural56.wav,4
27o0tqrm38o6wjtgaiqzy7,uli/D/D8/arm_08784_00130057938.wav_GL.wav,5
27o0tqrm38o6wjtgaiqzy7,uli/A/A2/92.wav,2
27o0tqrm38o6wjtgaiqzy7,uli/C/C3/pedro_32.wav,1
27o0tqrm38o6wjtgaiqzy7,uli/B/B6/miguel-33.wav,1
27o0tqrm38o6wjtgaiqzy7,uli/E/E8/es-BO-SofiaNeural81.wav,4
27o0tqrm38o6wjtgaiqzy7,uli/B/B10/VTLP_es-AR-ElenaNeural42.wav.wav,5
27o0tqrm38o6wjtgaiqzy7,uli/D/D3/leticia_25.wav,3
27o0tqrm38o6wjtgaiqzy7,uli/A/A5/tts_dev_thomas_47.wav,1
27o0tqrm38o6wjtgaiqzy7,uli/C/C4/fiore_82.wav,5
27o0tqrm38o6wjtgaiqzy7,uli/E/E2/arf_00610_00658675561.wav,5
27o0tqrm38o6wjtgaiqzy7,uli/C/C3/pedro2_70.wav,1
27o0tqrm38o6wjtgaiqzy7,uli/B/B5/9.wav,2
27o0tqrm38o6wjtgaiqzy7,uli/A/A6/163.wav,5
27o0tqrm38o6wjtgaiqzy7,uli/D/D8/arm_08784_01291556491.wav_GL.wav,3
27o0tqrm38o6wjtgaiqzy7,uli/D/D7/es-ES-ElviraNeural46.wav,2
27o0tqrm38o6wjtgaiqzy7,uli/E/E6/es-AR-ElenaNeural92.wav,4
27o0tqrm38o6wjtgaiqzy7,uli/A/A6/170.wav,5
27o0tqrm38o6wjtgaiqzy7,uli/C/C9/lupe2_100.wav,1
27o0tqrm38o6wjtgaiqzy7,uli/B/B2/audio57.wav,4
puzr5n1dz0hnteu0g8wdrr,uli/D/D5/es-BO-MarceloNeural63.wav,1
puzr5n1dz0hnteu0g8wdrr,uli/E/E3/audio_58.wav,4
puzr5n1dz0hnteu0g8wdrr,uli/B/B8/VTLP_es-BO-MarceloNeural28.wav.wav,1
puzr5n1dz0hnteu0g8wdrr,uli/A/A2/91.wav,3
puzr5n1dz0hnteu0g8wdrr,uli/C/C2/fiona_0.wav,1
puzr5n1dz0hnteu0g8wdrr,uli/C/C6/olimpia_61.wav,1
puzr5n1dz0hnteu0g8wdrr,,
puzr5n1dz0hnteu0g8wdrr,uli/D/D3/leticia_54.wav,1
puzr5n1dz0hnteu0g8wdrr,uli/B/B2/audio55.wav,4
puzr5n1dz0hnteu0g8wdrr,uli/A/A3/audio134.wav,2
puzr5n1dz0hnteu0g8wdrr,uli/D/D6/es-ES-AlvaroNeural45.wav,1
puzr5n1dz0hnteu0g8wdrr,uli/B/B10/VTLP_es-AR-TomasNeural13.wav.wav,2
puzr5n1dz0hnteu0g8wdrr,uli/E/E3/audio_139.wav,5
puzr5n1dz0hnteu0g8wdrr,uli/C/C10/mia2_65.wav,1
puzr5n1dz0hnteu0g8wdrr,uli/A/A3/audio178.wav,4
puzr5n1dz0hnteu0g8wdrr,uli/B/B2/audio10.wav,1
puzr5n1dz0hnteu0g8wdrr,uli/A/A5/tts_dev_thomas_74.wav,1
puzr5n1dz0hnteu0g8wdrr,uli/C/C1/penelope_36.wav,2
puzr5n1dz0hnteu0g8wdrr,uli/E/E8/es-BO-SofiaNeural68.wav,4
puzr5n1dz0hnteu0g8wdrr,uli/D/D9/priscilla_65.wav,2
puzr5n1dz0hnteu0g8wdrr,uli/D/D5/es-BO-MarceloNeural44.wav,1
puzr5n1dz0hnteu0g8wdrr,uli/B/B2/audio77.wav,2
puzr5n1dz0hnteu0g8wdrr,uli/A/A5/tts_dev_thomas_16.wav,1
puzr5n1dz0hnteu0g8wdrr,uli/E/E3/audio_9.wav,5
puzr5n1dz0hnteu0g8wdrr,uli/C/C1/penelope_14.wav,1
puzr5n1dz0hnteu0g8wdrr,uli/D/D1/f1arg_3.wav,4
puzr5n1dz0hnteu0g8wdrr,uli/C/C5/albano_6.wav,1
puzr5n1dz0hnteu0g8wdrr,uli/A/A2/45.wav,3
puzr5n1dz0hnteu0g8wdrr,uli/E/E2/arf_00610_01250551227.wav,5
puzr5n1dz0hnteu0g8wdrr,uli/B/B3/enrique2_54.wav_GL.wav,1
puzr5n1dz0hnteu0g8wdrr,uli/E/E6/es-AR-ElenaNeural99.wav,2
puzr5n1dz0hnteu0g8wdrr,uli/A/A2/59.wav,3
puzr5n1dz0hnteu0g8wdrr,uli/D/D3/leticia_59.wav,3
puzr5n1dz0hnteu0g8wdrr,uli/C/C7/conchita2_52.wav,2
puzr5n1dz0hnteu0g8wdrr,uli/B/B7/audio113.wav,1
puzr5n1dz0hnteu0g8wdrr,uli/C/C1/penelope_39.wav,1
puzr5n1dz0hnteu0g8wdrr,uli/D/D6/es-ES-AlvaroNeural42.wav,4
puzr5n1dz0hnteu0g8wdrr,uli/E/E10/es-MX-JorgeNeural61.wav,4
puzr5n1dz0hnteu0g8wdrr,uli/A/A3/audio54.wav,4
puzr5n1dz0hnteu0g8wdrr,uli/B/B3/enrique2_80.wav_GL.wav,1
puzr5n1dz0hnteu0g8wdrr,uli/A/A3/audio163.wav,1
puzr5n1dz0hnteu0g8wdrr,uli/C/C3/pedro2_50.wav,1
puzr5n1dz0hnteu0g8wdrr,uli/B/B7/audio47.wav,1
puzr5n1dz0hnteu0g8wdrr,uli/D/D9/priscilla_62.wav,1
puzr5n1dz0hnteu0g8wdrr,uli/E/E2/arf_00610_00291574942.wav,5
puzr5n1dz0hnteu0g8wdrr,uli/D/D8/arm_08784_01058192871.wav_GL.wav,5
puzr5n1dz0hnteu0g8wdrr,uli/C/C9/lupe_47.wav,2
puzr5n1dz0hnteu0g8wdrr,uli/B/B9/VTLP_es-ES-ElviraNeural92.wav.wav,1
puzr5n1dz0hnteu0g8wdrr,uli/A/A4/sabrina_loquendo_55.wav,1
puzr5n1dz0hnteu0g8wdrr,uli/E/E3/audio_295.wav,5
ysobwzccpice783avao5c,uli/C/C1/penelope_1.wav,3
ysobwzccpice783avao5c,uli/D/D9/priscilla_10.wav,3
ysobwzccpice783avao5c,uli/A/A2/77.wav,2
ysobwzccpice783avao5c,uli/B/B2/audio135.wav,4
ysobwzccpice783avao5c,uli/E/E2/arf_00610_01137989518.wav,5
ysobwzccpice783avao5c,uli/B/B7/audio127.wav,4
ysobwzccpice783avao5c,uli/D/D10/lalita_49.wav,2
ysobwzccpice783avao5c,uli/E/E1/arf_00295_01116911041.wav,5
ysobwzccpice783avao5c,uli/A/A3/audio158.wav,2
ysobwzccpice783avao5c,uli/C/C7/conchita2_59.wav,1
ysobwzccpice783avao5c,uli/E/E10/es-MX-JorgeNeural89.wav,4
ysobwzccpice783avao5c,uli/D/D8/arm_08784_00779572210.wav_GL.wav,5
ysobwzccpice783avao5c,uli/A/A6/164.wav,3
ysobwzccpice783avao5c,uli/B/B7/audio106.wav,3
ysobwzccpice783avao5c,uli/C/C5/albano_53.wav,4
ysobwzccpice783avao5c,uli/B/B2/audio72.wav,2
ysobwzccpice783avao5c,uli/A/A7/123.wav,2
ysobwzccpice783avao5c,uli/D/D7/es-ES-ElviraNeural51.wav,3
ysobwzccpice783avao5c,uli/C/C10/mia_23.wav,4
ysobwzccpice783avao5c,uli/E/E5/arm_00610_00474418135.wav,5
ysobwzccpice783avao5c,uli/A/A5/tts_dev_thomas_97.wav,3
ysobwzccpice783avao5c,uli/D/D6/es-ES-AlvaroNeural33.wav,4
ysobwzccpice783avao5c,uli/C/C4/fiore_19.wav,3
ysobwzccpice783avao5c,uli/B/B2/audio109.wav,3
ysobwzccpice783avao5c,uli/E/E2/arf_00610_01397696990.wav,5
ysobwzccpice783avao5c,uli/A/A2/85.wav,4
ysobwzccpice783avao5c,uli/C/C7/conchita_22.wav,2
ysobwzccpice783avao5c,uli/E/E8/es-BO-SofiaNeural38.wav,4
ysobwzccpice783avao5c,uli/D/D10/lalita_6.wav,2
ysobwzccpice783avao5c,uli/B/B1/audio129.wav,3
ysobwzccpice783avao5c,uli/E/E9/arm_09697_00642124712.wav,4
ysobwzccpice783avao5c,uli/C/C10/mia2_56.wav,3
ysobwzccpice783avao5c,uli/B/B2/audio25.wav,3
ysobwzccpice783avao5c,uli/A/A1/0.wav,2
ysobwzccpice783avao5c,uli/D/D3/Leticia9-09.wav,3
ysobwzccpice783avao5c,uli/A/A1/98.wav,2
ysobwzccpice783avao5c,uli/B/B8/VTLP_es-BO-MarceloNeural0.wav.wav,2
ysobwzccpice783avao5c,uli/C/C5/albano_75.wav,2
ysobwzccpice783avao5c,uli/D/D3/leticia_38.wav,4
ysobwzccpice783avao5c,uli/E/E4/arm_08784_01373143515.wav,5
ysobwzccpice783avao5c,uli/E/E2/arf_00610_00466371077.wav,5
ysobwzccpice783avao5c,uli/A/A5/tts_dev_thomas_98.wav,3
ysobwzccpice783avao5c,uli/D/D10/lalita_43.wav,2
ysobwzccpice783avao5c,uli/B/B10/VTLP_es-AR-TomasNeural28.wav.wav,2
ysobwzccpice783avao5c,uli/C/C8/enrique2_94.wav,4
e2q2qom6xvfgo3wyh5kqy9,uli/A/A6/104.wav,5
e2q2qom6xvfgo3wyh5kqy9,uli/B/B2/audio186.wav,2
e2q2qom6xvfgo3wyh5kqy9,uli/E/E2/arf_00610_00802119191.wav,5
e2q2qom6xvfgo3wyh5kqy9,uli/D/D10/lalita_3.wav,1
e2q2qom6xvfgo3wyh5kqy9,uli/C/C3/pedro_47.wav,2
e2q2qom6xvfgo3wyh5kqy9,uli/D/D4/olimpiaAI_65.wav,2
e2q2qom6xvfgo3wyh5kqy9,uli/C/C5/albano_62.wav,3
e2q2qom6xvfgo3wyh5kqy9,uli/A/A4/sabrina_loquendo_83.wav,1
e2q2qom6xvfgo3wyh5kqy9,uli/E/E1/arf_00295_01243498718.wav,5
e2q2qom6xvfgo3wyh5kqy9,uli/B/B9/VTLP_es-ES-ElviraNeural74.wav.wav,1
e2q2qom6xvfgo3wyh5kqy9,uli/A/A10/2.wav,5
e2q2qom6xvfgo3wyh5kqy9,uli/C/C2/fiona2_80.wav,1
e2q2qom6xvfgo3wyh5kqy9,uli/E/E7/es-AR-TomasNeural30.wav,1
e2q2qom6xvfgo3wyh5kqy9,uli/B/B7/audio21.wav,2
e2q2qom6xvfgo3wyh5kqy9,uli/D/D4/olimpiaAI_55.wav,1
e2q2qom6xvfgo3wyh5kqy9,uli/D/D4/olimpiaAI_52.wav,1
e2q2qom6xvfgo3wyh5kqy9,uli/C/C9/lupe_10.wav,1
e2q2qom6xvfgo3wyh5kqy9,uli/E/E1/arf_00295_01673131862.wav,5
e2q2qom6xvfgo3wyh5kqy9,uli/A/A5/tts_dev_thomas_22.wav,1
e2q2qom6xvfgo3wyh5kqy9,uli/B/B7/audio85.wav,2
e2q2qom6xvfgo3wyh5kqy9,uli/C/C10/mia2_73.wav,1
e2q2qom6xvfgo3wyh5kqy9,uli/E/E1/arf_00295_00224542344.wav,5
e2q2qom6xvfgo3wyh5kqy9,uli/D/D10/lalita_36.wav,1
e2q2qom6xvfgo3wyh5kqy9,uli/A/A3/audio30.wav,2
e2q2qom6xvfgo3wyh5kqy9,uli/B/B8/VTLP_es-BO-MarceloNeural75.wav.wav,2
e2q2qom6xvfgo3wyh5kqy9,uli/B/B8/VTLP_es-BO-MarceloNeural43.wav.wav,1
e2q2qom6xvfgo3wyh5kqy9,uli/A/A2/75.wav,2
e2q2qom6xvfgo3wyh5kqy9,uli/D/D4/olimpiaAI_45.wav,2
e2q2qom6xvfgo3wyh5kqy9,uli/E/E4/arm_08784_00653803278.wav,5
e2q2qom6xvfgo3wyh5kqy9,uli/C/C5/albano_19.wav,2
e2q2qom6xvfgo3wyh5kqy9,uli/E/E3/audio_84.wav,4
e2q2qom6xvfgo3wyh5kqy9,uli/A/A3/audio130.wav,3
e2q2qom6xvfgo3wyh5kqy9,uli/B/B1/audio105.wav,1
e2q2qom6xvfgo3wyh5kqy9,uli/D/D1/f1ven_5.wav,3
e2q2qom6xvfgo3wyh5kqy9,uli/C/C7/conchita2_64.wav,1
e2q2qom6xvfgo3wyh5kqy9,uli/C/C4/fiore_12.wav,2
e2q2qom6xvfgo3wyh5kqy9,uli/E/E6/es-AR-ElenaNeural64.wav,2
e2q2qom6xvfgo3wyh5kqy9,uli/D/D10/lalita_24.wav,1
e2q2qom6xvfgo3wyh5kqy9,uli/A/A7/175.wav,3
e2q2qom6xvfgo3wyh5kqy9,uli/B/B1/audio11.wav,2
e2q2qom6xvfgo3wyh5kqy9,uli/E/E9/arm_09697_00514518682.wav,3
e2q2qom6xvfgo3wyh5kqy9,uli/C/C4/fiore_49.wav,1
e2q2qom6xvfgo3wyh5kqy9,uli/D/D10/lalita_12.wav,1
e2q2qom6xvfgo3wyh5kqy9,uli/A/A1/46.wav,1
e2q2qom6xvfgo3wyh5kqy9,uli/B/B2/audio13.wav,3
la9i1e7oumst6k8lv30b,uli/E/E10/es-MX-JorgeNeural35.wav,3
la9i1e7oumst6k8lv30b,uli/C/C8/enrique_35.wav,2
la9i1e7oumst6k8lv30b,uli/A/A2/33.wav,1
la9i1e7oumst6k8lv30b,uli/B/B7/audio135.wav,3
la9i1e7oumst6k8lv30b,uli/D/D8/arm_08784_01478316622.wav_GL.wav,4
la9i1e7oumst6k8lv30b,uli/D/D9/priscilla_25.wav,3
la9i1e7oumst6k8lv30b,uli/E/E1/arf_00295_01048417138.wav,5
la9i1e7oumst6k8lv30b,uli/C/C6/olimpia_42.wav,2
la9i1e7oumst6k8lv30b,uli/A/A7/113.wav,1
la9i1e7oumst6k8lv30b,uli/B/B2/audio147.wav,2
la9i1e7oumst6k8lv30b,uli/C/C4/fiore_30.wav,3
la9i1e7oumst6k8lv30b,uli/B/B7/audio29.wav,2
la9i1e7oumst6k8lv30b,uli/E/E9/arm_09697_00955486904.wav,5
la9i1e7oumst6k8lv30b,uli/D/D1/f1ven_3.wav,2
la9i1e7oumst6k8lv30b,uli/A/A5/tts_dev_thomas_18.wav,2
la9i1e7oumst6k8lv30b,uli/A/A4/sabrina_loquendo_0.wav,2
la9i1e7oumst6k8lv30b,uli/C/C4/fiore_55.wav,2
la9i1e7oumst6k8lv30b,uli/E/E3/audio_119.wav,5
la9i1e7oumst6k8lv30b,uli/B/B2/audio50.wav,3
la9i1e7oumst6k8lv30b,uli/D/D4/olimpiaAI_11.wav,2
la9i1e7oumst6k8lv30b,uli/A/A2/106.wav,2
la9i1e7oumst6k8lv30b,uli/C/C10/mia2_79.wav,4
la9i1e7oumst6k8lv30b,uli/D/D2/m1pr_6.wav,3
la9i1e7oumst6k8lv30b,uli/B/B8/VTLP_es-BO-MarceloNeural96.wav.wav,1
la9i1e7oumst6k8lv30b,uli/E/E5/arm_00610_01961071869.wav,5
la9i1e7oumst6k8lv30b,uli/E/E6/es-AR-ElenaNeural46.wav,2
la9i1e7oumst6k8lv30b,uli/B/B2/audio155.wav,3
la9i1e7oumst6k8lv30b,uli/C/C6/olimpia_58.wav,3
la9i1e7oumst6k8lv30b,uli/A/A3/audio29.wav,1
la9i1e7oumst6k8lv30b,uli/D/D3/Leticia9-17.wav,4
la9i1e7oumst6k8lv30b,uli/B/B7/audio118.wav,3
la9i1e7oumst6k8lv30b,uli/C/C4/fiore_29.wav,2
la9i1e7oumst6k8lv30b,uli/D/D8/arm_08784_01033094930.wav_GL.wav,5
la9i1e7oumst6k8lv30b,uli/E/E3/audio_99.wav,5
la9i1e7oumst6k8lv30b,uli/A/A3/audio55.wav,4
la9i1e7oumst6k8lv30b,uli/A/A2/82.wav,1
la9i1e7oumst6k8lv30b,uli/D/D4/olimpiaAI_77.wav,2
la9i1e7oumst6k8lv30b,uli/B/B2/audio104.wav,3
la9i1e7oumst6k8lv30b,uli/E/E2/arf_00610_01305852941.wav,5
la9i1e7oumst6k8lv30b,uli/C/C3/pedro_42.wav,4
la9i1e7oumst6k8lv30b,uli/E/E1/arf_00295_00246566940.wav,5
la9i1e7oumst6k8lv30b,uli/C/C5/albano_32.wav,3
la9i1e7oumst6k8lv30b,uli/D/D1/f1pr_7.wav,4
la9i1e7oumst6k8lv30b,uli/A/A1/94.wav,2
la9i1e7oumst6k8lv30b,uli/B/B7/audio169.wav,2
jrttbqgqqienzwrc3qcif,uli/D/D6/es-ES-AlvaroNeural47.wav,4
jrttbqgqqienzwrc3qcif,uli/C/C6/olimpia_45.wav,2
jrttbqgqqienzwrc3qcif,uli/A/A1/38.wav,2
jrttbqgqqienzwrc3qcif,uli/E/E1/arf_00295_01521578609.wav,5
jrttbqgqqienzwrc3qcif,uli/B/B7/audio34.wav,2
jrttbqgqqienzwrc3qcif,uli/D/D1/f1col_3.wav,1
jrttbqgqqienzwrc3qcif,uli/E/E3/audio_2.wav,5
jrttbqgqqienzwrc3qcif,uli/A/A3/audio157.wav,1
jrttbqgqqienzwrc3qcif,uli/C/C5/albano_49.wav,2
jrttbqgqqienzwrc3qcif,uli/B/B9/VTLP_es-ES-ElviraNeural86.wav.wav,2
jrttbqgqqienzwrc3qcif,uli/C/C6/olimpia_25.wav,4
jrttbqgqqienzwrc3qcif,uli/E/E10/es-MX-JorgeNeural19.wav,3
jrttbqgqqienzwrc3qcif,uli/B/B2/audio51.wav,2
jrttbqgqqienzwrc3qcif,uli/D/D8/arm_08784_01159858442.wav_GL.wav,3
jrttbqgqqienzwrc3qcif,uli/A/A3/audio128.wav,1
jrttbqgqqienzwrc3qcif,uli/B/B7/audio140.wav,2
jrttbqgqqienzwrc3qcif,uli/C/C3/pedro2_74.wav,3
jrttbqgqqienzwrc3qcif,uli/A/A4/sabrina_loquendo_84.wav,2
jrttbqgqqienzwrc3qcif,uli/E/E3/audio_51.wav,5
jrttbqgqqienzwrc3qcif,uli/D/D8/arm_08784_00826337373.wav_GL.wav,2
jrttbqgqqienzwrc3qcif,uli/A/A3/audio170.wav,2
jrttbqgqqienzwrc3qcif,uli/C/C8/enrique_42.wav,4
jrttbqgqqienzwrc3qcif,uli/E/E10/es-MX-JorgeNeural96.wav,3
jrttbqgqqienzwrc3qcif,uli/D/D7/es-ES-ElviraNeural5.wav,2
jrttbqgqqienzwrc3qcif,uli/B/B7/audio69.wav,4
jrttbqgqqienzwrc3qcif,uli/E/E4/arm_08784_00113402164.wav,5
jrttbqgqqienzwrc3qcif,uli/C/C9/lupe2_82.wav,3
jrttbqgqqienzwrc3qcif,uli/B/B2/audio35.wav,3
jrttbqgqqienzwrc3qcif,uli/D/D9/priscilla_31.wav,2
jrttbqgqqienzwrc3qcif,uli/A/A5/tts_dev_thomas_5.wav,1
jrttbqgqqienzwrc3qcif,uli/E/E7/es-AR-TomasNeural72.wav,3
jrttbqgqqienzwrc3qcif,uli/A/A9/7.wav,4
jrttbqgqqienzwrc3qcif,uli/C/C1/penelope2_67.wav,1
jrttbqgqqienzwrc3qcif,uli/B/B2/audio105.wav,1
jrttbqgqqienzwrc3qcif,uli/D/D7/es-ES-ElviraNeural25.wav,2
jrttbqgqqienzwrc3qcif,uli/D/D8/arm_08784_00518727153.wav_GL.wav,3
jrttbqgqqienzwrc3qcif,uli/C/C6/olimpia_9.wav,2
jrttbqgqqienzwrc3qcif,uli/B/B1/audio5.wav,1
jrttbqgqqienzwrc3qcif,uli/A/A3/audio107.wav,1
jrttbqgqqienzwrc3qcif,uli/E/E2/arf_00610_01210670029.wav,5
jrttbqgqqienzwrc3qcif,uli/A/A6/187.wav,3
jrttbqgqqienzwrc3qcif,uli/E/E3/audio_203.wav,5
jrttbqgqqienzwrc3qcif,uli/B/B2/audio112.wav,2
jrttbqgqqienzwrc3qcif,uli/D/D8/arm_08784_01376458410.wav_GL.wav,4
jrttbqgqqienzwrc3qcif,uli/C/C8/enrique2_69.wav,3
vks4a5zeivbfimepmxbxq,uli/D/D5/es-BO-MarceloNeural19.wav,3
vks4a5zeivbfimepmxbxq,uli/C/C6/olimpia_70.wav,2
vks4a5zeivbfimepmxbxq,uli/A/A3/audio110.wav,3
vks4a5zeivbfimepmxbxq,uli/E/E1/arf_00295_00415501498.wav,5
vks4a5zeivbfimepmxbxq,uli/B/B7/audio123.wav,2
vks4a5zeivbfimepmxbxq,uli/B/B7/audio191.wav,1
vks4a5zeivbfimepmxbxq,uli/D/D3/Leticia9-18.wav,5
vks4a5zeivbfimepmxbxq,uli/C/C7/conchita2_54.wav,1
vks4a5zeivbfimepmxbxq,uli/E/E2/arf_00610_01778919962.wav,5
vks4a5zeivbfimepmxbxq,uli/A/A3/audio101.wav,1
vks4a5zeivbfimepmxbxq,uli/D/D8/arm_08784_02031347386.wav_GL.wav,2
vks4a5zeivbfimepmxbxq,uli/B/B1/audio85.wav,5
vks4a5zeivbfimepmxbxq,uli/E/E8/es-BO-SofiaNeural52.wav,3
vks4a5zeivbfimepmxbxq,uli/A/A3/audio88.wav,1
vks4a5zeivbfimepmxbxq,uli/C/C1/penelope2_82.wav,3
g0jf4ngddyukxafyxhc3h,uli/E/E3/audio_69.wav,5
g0jf4ngddyukxafyxhc3h,uli/C/C2/fiona_5.wav,3
g0jf4ngddyukxafyxhc3h,uli/B/B2/audio59.wav,2
g0jf4ngddyukxafyxhc3h,uli/A/A8/1.wav,2
g0jf4ngddyukxafyxhc3h,uli/D/D4/Olimpia9-09.wav,3
g0jf4ngddyukxafyxhc3h,uli/C/C9/lupe2_70.wav,2
g0jf4ngddyukxafyxhc3h,uli/B/B8/VTLP_es-BO-MarceloNeural70.wav.wav,1
g0jf4ngddyukxafyxhc3h,uli/A/A7/180.wav,3
g0jf4ngddyukxafyxhc3h,uli/E/E4/arm_08784_01770510237.wav,5
g0jf4ngddyukxafyxhc3h,uli/D/D8/arm_08784_01639218665.wav_GL.wav,4
g0jf4ngddyukxafyxhc3h,uli/A/A4/sabrina_loquendo_17.wav,3
g0jf4ngddyukxafyxhc3h,uli/B/B9/VTLP_es-ES-ElviraNeural31.wav.wav,1
g0jf4ngddyukxafyxhc3h,uli/E/E9/arm_09697_01658089432.wav,5
g0jf4ngddyukxafyxhc3h,uli/D/D3/leticia_33.wav,3
g0jf4ngddyukxafyxhc3h,uli/C/C5/albano_54.wav,2
g0jf4ngddyukxafyxhc3h,uli/E/E9/arm_09697_01107195347.wav,5
g0jf4ngddyukxafyxhc3h,uli/A/A2/15.wav,2
g0jf4ngddyukxafyxhc3h,uli/B/B9/VTLP_es-ES-ElviraNeural55.wav.wav,1
g0jf4ngddyukxafyxhc3h,uli/D/D9/priscilla_27.wav,3
g0jf4ngddyukxafyxhc3h,uli/C/C5/albano_51.wav,3
g0jf4ngddyukxafyxhc3h,uli/D/D7/es-ES-ElviraNeural24.wav,2
g0jf4ngddyukxafyxhc3h,uli/C/C2/fiona_10.wav,3
g0jf4ngddyukxafyxhc3h,uli/A/A5/tts_dev_thomas_82.wav,1
g0jf4ngddyukxafyxhc3h,uli/B/B7/audio82.wav,3
g0jf4ngddyukxafyxhc3h,uli/E/E5/arm_00610_01911658298.wav,5
g0jf4ngddyukxafyxhc3h,uli/C/C1/penelope2_68.wav,2
g0jf4ngddyukxafyxhc3h,uli/A/A7/161.wav,1
g0jf4ngddyukxafyxhc3h,uli/E/E10/es-MX-JorgeNeural21.wav,3
g0jf4ngddyukxafyxhc3h,uli/D/D7/es-ES-ElviraNeural8.wav,3
g0jf4ngddyukxafyxhc3h,uli/B/B2/audio140.wav,4
g0jf4ngddyukxafyxhc3h,uli/A/A3/audio104.wav,2
g0jf4ngddyukxafyxhc3h,uli/C/C10/mia_47.wav,3
g0jf4ngddyukxafyxhc3h,uli/B/B9/VTLP_es-ES-ElviraNeural42.wav.wav,1
g0jf4ngddyukxafyxhc3h,uli/D/D1/f1arg_1.wav,5
g0jf4ngddyukxafyxhc3h,uli/E/E6/es-AR-ElenaNeural4.wav,4
g0jf4ngddyukxafyxhc3h,uli/A/A2/55.wav,3
g0jf4ngddyukxafyxhc3h,uli/D/D8/arm_08784_01846467604.wav_GL.wav,5
g0jf4ngddyukxafyxhc3h,uli/C/C3/pedro_28.wav,3
g0jf4ngddyukxafyxhc3h,uli/B/B1/audio191.wav,3
g0jf4ngddyukxafyxhc3h,uli/E/E10/es-MX-JorgeNeural79.wav,3
g0jf4ngddyukxafyxhc3h,uli/D/D8/arm_08784_02024472792.wav_GL.wav,5
g0jf4ngddyukxafyxhc3h,uli/B/B2/audio162.wav,2
g0jf4ngddyukxafyxhc3h,uli/C/C1/penelope2_66.wav,3
g0jf4ngddyukxafyxhc3h,uli/A/A3/audio23.wav,1
g0jf4ngddyukxafyxhc3h,uli/E/E9/arm_09697_01529441601.wav,5
g0jf4ngddyukxafyxhc3h,uli/A/A5/tts_dev_thomas_72.wav,2
g0jf4ngddyukxafyxhc3h,uli/B/B10/VTLP_es-AR-TomasNeural3.wav.wav,1
g0jf4ngddyukxafyxhc3h,uli/E/E9/arm_09697_02124352441.wav,5
g0jf4ngddyukxafyxhc3h,uli/D/D5/es-BO-MarceloNeural36.wav,3
g0jf4ngddyukxafyxhc3h,uli/C/C1/penelope2.wav,2
8hawot9erl511ryvmug1d,uli/D/D7/es-ES-ElviraNeural57.wav,1
8hawot9erl511ryvmug1d,uli/A/A3/audio188.wav,1
8hawot9erl511ryvmug1d,uli/E/E3/audio_292.wav,4
8hawot9erl511ryvmug1d,uli/C/C8/enrique_17.wav,5
8hawot9erl511ryvmug1d,uli/B/B2/audio91.wav,2
8hawot9erl511ryvmug1d,uli/E/E2/arf_00610_01995628280.wav,5
8hawot9erl511ryvmug1d,uli/A/A2/98.wav,2
8hawot9erl511ryvmug1d,uli/B/B3/enrique_27.wav_GL.wav,2
8hawot9erl511ryvmug1d,uli/C/C3/pedro2_81.wav,2
8hawot9erl511ryvmug1d,uli/D/D8/arm_08784_00858307843.wav_GL.wav,4
x37bofyh0fazkr02jlztlm,uli/D/D9/priscilla_44.wav,1
x37bofyh0fazkr02jlztlm,uli/B/B2/audio123.wav,2
x37bofyh0fazkr02jlztlm,uli/A/A6/152.wav,2
x37bofyh0fazkr02jlztlm,uli/E/E9/arm_09697_00793166111.wav,4
x37bofyh0fazkr02jlztlm,uli/C/C8/enrique_47.wav,1
8hawot9erl511ryvmug1d,uli/A/A4/sabrina_loquendo_36.wav,1
8hawot9erl511ryvmug1d,uli/D/D8/arm_08784_01797514024.wav_GL.wav,4
8hawot9erl511ryvmug1d,uli/B/B9/VTLP_es-ES-ElviraNeural59.wav.wav,1
8hawot9erl511ryvmug1d,uli/C/C5/albano_50.wav,2
8hawot9erl511ryvmug1d,uli/E/E6/es-AR-ElenaNeural17.wav,2
x37bofyh0fazkr02jlztlm,uli/A/A4/sabrina_loquendo_2.wav,1
x37bofyh0fazkr02jlztlm,uli/E/E5/arm_00610_02042663676.wav,5
x37bofyh0fazkr02jlztlm,uli/C/C1/penelope2_80.wav,2
x37bofyh0fazkr02jlztlm,uli/B/B9/VTLP_es-ES-ElviraNeural37.wav.wav,1
x37bofyh0fazkr02jlztlm,uli/D/D7/es-ES-ElviraNeural26.wav,2
8hawot9erl511ryvmug1d,uli/D/D6/es-ES-AlvaroNeural62.wav,1
8hawot9erl511ryvmug1d,uli/E/E9/arm_09697_01730916105.wav,5
8hawot9erl511ryvmug1d,uli/C/C2/fiona2_93.wav,1
8hawot9erl511ryvmug1d,uli/A/A2/6.wav,4
8hawot9erl511ryvmug1d,uli/B/B8/VTLP_es-BO-MarceloNeural39.wav.wav,1
x37bofyh0fazkr02jlztlm,uli/E/E10/es-MX-JorgeNeural50.wav,2
x37bofyh0fazkr02jlztlm,uli/B/B7/audio107.wav,4
x37bofyh0fazkr02jlztlm,uli/D/D10/lalita_38.wav,1
x37bofyh0fazkr02jlztlm,uli/C/C1/penelope_46.wav,3
x37bofyh0fazkr02jlztlm,uli/A/A3/audio67.wav,4
8hawot9erl511ryvmug1d,uli/C/C4/fiore_65.wav,2
8hawot9erl511ryvmug1d,uli/A/A6/117.wav,3
8hawot9erl511ryvmug1d,uli/B/B9/VTLP_es-ES-ElviraNeural32.wav.wav,1
8hawot9erl511ryvmug1d,uli/E/E10/es-MX-JorgeNeural85.wav,2
8hawot9erl511ryvmug1d,uli/D/D4/olimpiaAI_24.wav,1
8hawot9erl511ryvmug1d,uli/D/D9/priscilla_80.wav,1
8hawot9erl511ryvmug1d,uli/A/A7/137.wav,2
8hawot9erl511ryvmug1d,uli/B/B7/audio25.wav,4
8hawot9erl511ryvmug1d,uli/E/E4/arm_08784_00478930936.wav,5
8hawot9erl511ryvmug1d,uli/C/C7/conchita2_87.wav,1
x37bofyh0fazkr02jlztlm,uli/D/D7/es-ES-ElviraNeural19.wav,1
x37bofyh0fazkr02jlztlm,uli/A/A3/audio43.wav,3
x37bofyh0fazkr02jlztlm,uli/C/C8/enrique_25.wav,2
x37bofyh0fazkr02jlztlm,uli/B/B3/enrique2_81.wav_GL.wav,1
x37bofyh0fazkr02jlztlm,uli/E/E7/es-AR-TomasNeural84.wav,2
x37bofyh0fazkr02jlztlm,uli/E/E6/es-AR-ElenaNeural86.wav,4
x37bofyh0fazkr02jlztlm,uli/D/D6/es-ES-AlvaroNeural79.wav,3
x37bofyh0fazkr02jlztlm,uli/C/C5/albano_3.wav,3
x37bofyh0fazkr02jlztlm,uli/A/A2/97.wav,4
x37bofyh0fazkr02jlztlm,uli/B/B9/VTLP_es-ES-ElviraNeural3.wav.wav,1
8hawot9erl511ryvmug1d,uli/A/A4/sabrina_loquendo_97.wav,1
8hawot9erl511ryvmug1d,uli/C/C1/penelope2_75.wav,2
8hawot9erl511ryvmug1d,uli/D/D8/arm_08784_00550418574.wav_GL.wav,4
8hawot9erl511ryvmug1d,uli/B/B1/audio84.wav,2
8hawot9erl511ryvmug1d,uli/E/E1/arf_00295_01505677428.wav,5
x37bofyh0fazkr02jlztlm,uli/E/E5/arm_00610_00502643606.wav,5
x37bofyh0fazkr02jlztlm,uli/D/D3/leticia_66.wav,4
x37bofyh0fazkr02jlztlm,uli/A/A4/sabrina_loquendo_37.wav,1
x37bofyh0fazkr02jlztlm,uli/C/C7/conchita2.wav,2
x37bofyh0fazkr02jlztlm,uli/B/B2/audio20.wav,2
8hawot9erl511ryvmug1d,uli/D/D4/olimpiaAI_29.wav,1
8hawot9erl511ryvmug1d,uli/A/A3/audio11.wav,4
8hawot9erl511ryvmug1d,uli/C/C4/fiore_4.wav,1
8hawot9erl511ryvmug1d,uli/E/E2/arf_00610_02010317333.wav,5
8hawot9erl511ryvmug1d,,
x37bofyh0fazkr02jlztlm,uli/A/A2/58.wav,2
x37bofyh0fazkr02jlztlm,uli/B/B1/audio69.wav,1
x37bofyh0fazkr02jlztlm,uli/C/C9/lupe2_81.wav,3
x37bofyh0fazkr02jlztlm,uli/E/E4/arm_08784_01796089064.wav,5
x37bofyh0fazkr02jlztlm,uli/D/D6/es-ES-AlvaroNeural6.wav,1
x37bofyh0fazkr02jlztlm,uli/C/C8/enrique_49.wav,1
x37bofyh0fazkr02jlztlm,uli/B/B5/8.wav,1
x37bofyh0fazkr02jlztlm,uli/D/D10/lalita_7.wav,1
x37bofyh0fazkr02jlztlm,uli/E/E6/es-AR-ElenaNeural70.wav,4
x37bofyh0fazkr02jlztlm,uli/A/A5/tts_dev_thomas_63.wav,1
8hawot9erl511ryvmug1d,uli/D/D3/leticia_0.wav,1
8hawot9erl511ryvmug1d,uli/C/C7/conchita_25.wav,1
8hawot9erl511ryvmug1d,uli/B/B10/VTLP_es-AR-ElenaNeural12.wav.wav,1
8hawot9erl511ryvmug1d,uli/E/E4/arm_08784_00518727153.wav,5
8hawot9erl511ryvmug1d,uli/A/A7/191.wav,1
x37bofyh0fazkr02jlztlm,uli/D/D3/leticia_78.wav,2
x37bofyh0fazkr02jlztlm,uli/A/A6/112.wav,4
x37bofyh0fazkr02jlztlm,uli/C/C1/penelope_27.wav,3
x37bofyh0fazkr02jlztlm,uli/E/E8/es-BO-SofiaNeural91.wav,3
x37bofyh0fazkr02jlztlm,uli/B/B2/audio156.wav,4
x37bofyh0fazkr02jlztlm,uli/D/D6/es-ES-AlvaroNeural92.wav,4
x37bofyh0fazkr02jlztlm,uli/E/E8/es-BO-SofiaNeural5.wav,3
x37bofyh0fazkr02jlztlm,uli/C/C8/enrique_27.wav,1
x37bofyh0fazkr02jlztlm,uli/A/A3/audio15.wav,4
x37bofyh0fazkr02jlztlm,uli/B/B10/VTLP_es-AR-ElenaNeural10.wav.wav,4
